S1	E1	S2	E2	Reference	Contig	IDY	Ambiguous	Best_group
7830	8340	511	1	Sediminibacterium_sp_QYPL01000011.1	k141_270907	94.13		True
CONTIG	k141_270907	511	correct
3004	3828	1013	189	Sediminibacterium_sp_QYPL01000011.1	k141_225927	90.93		True
CONTIG	k141_225927	1019	correct
24464	26351	1941	54	Sediminibacterium_sp_QYPL01000011.1	k141_75430	94.97		True
CONTIG	k141_75430	1954	correct
23321	24198	8	885	Sediminibacterium_sp_QYPL01000011.1	k141_376831	91.46		True
CONTIG	k141_376831	993	correct
26049	26351	60	362	Sediminibacterium_sp_QYPL01000011.1	k141_422118	92.74		True
CONTIG	k141_422118	1020	correct_unaligned
31874	32266	474	83	Sediminibacterium_sp_QYPL01000011.1	k141_151593	97.71		True
CONTIG	k141_151593	2188	correct_unaligned
21944	22944	1	1002	Sediminibacterium_sp_QYPL01000011.1	k141_166792	90.82		True
CONTIG	k141_166792	1388	correct
19823	22155	3	2337	Sediminibacterium_sp_QYPL01000011.1	k141_394040	92.9		True
CONTIG	k141_394040	2343	correct
31912	32045	132	1	Sediminibacterium_sp_QYPL01000011.1	k141_424204	93.28		True
CONTIG	k141_424204	530	correct
26377	26516	4	143	Sediminibacterium_sp_QYPL01000011.1	k141_108878	90.71		True
indel: indel (> 5bp)
26517	27354	182	1019	Sediminibacterium_sp_QYPL01000011.1	k141_108878	90.33		True
local misassembly
28033	28867	1712	2546	Sediminibacterium_sp_QYPL01000011.1	k141_108878	90.46		True
CONTIG	k141_108878	2575	correct
8453	8650	199	396	Sediminibacterium_sp_QYPL01000011.1	k141_95156	92.42		True
CONTIG	k141_95156	520	correct
32203	32913	719	6	Sediminibacterium_sp_QYPL01000011.1	k141_170029	90.57		True
CONTIG	k141_170029	742	correct
12548	14791	2234	1	Sediminibacterium_sp_QYPL01000011.1	k141_260216	90.67		True
CONTIG	k141_260216	2237	correct
5632	7521	1	1891	Sediminibacterium_sp_QYPL01000011.1	k141_156613	91.25		True
CONTIG	k141_156613	1891	correct
31885	32255	1580	1212	Sediminibacterium_sp_QYPL01000011.1	k141_308072	91.94		True
CONTIG	k141_308072	1957	correct_unaligned
4516	4692	191	16	Sediminibacterium_sp_QYPL01000011.1	k141_219074	92.66		True
indel: indel (> 5bp)
3827	4480	845	192	Sediminibacterium_sp_QYPL01000011.1	k141_219074	92.05		True
CONTIG	k141_219074	907	correct
23901	24501	1	601	Sediminibacterium_sp_QYPL01000011.1	k141_99929	90.43		True
CONTIG	k141_99929	601	correct
17873	18512	11	650	Sediminibacterium_sp_QYPL01000011.1	k141_384300	92.66		True
CONTIG	k141_384300	650	correct
4751	5803	23	1075	Sediminibacterium_sp_QYPL01000011.1	k141_9233	93.27		True
CONTIG	k141_9233	1075	correct
10287	12666	42	2424	Sediminibacterium_sp_QYPL01000011.1	k141_340636	91.45		True
CONTIG	k141_340636	2424	correct
15272	15425	673	520	Sediminibacterium_sp_QYPL01000011.1	k141_355719	96.75		True
CONTIG	k141_355719	673	correct_unaligned
8130	10094	1953	1	Sediminibacterium_sp_QYPL01000011.1	k141_250902	91.55		True
CONTIG	k141_250902	1954	correct
17634	19827	2191	1	Sediminibacterium_sp_QYPL01000011.1	k141_115920	91.52		True
indel: indel (> 5bp)
16949	17582	2825	2192	Sediminibacterium_sp_QYPL01000011.1	k141_115920	91.01		True
CONTIG	k141_115920	2852	correct
14775	16893	2178	68	Sediminibacterium_sp_QYPL01000011.1	k141_343819	90.53		True
CONTIG	k141_343819	2184	correct
10020	10620	1	601	Sediminibacterium_sp_QYPL01000011.1	k141_255546	94.34		True
CONTIG	k141_255546	601	correct
10817	12629	18	1830	Sediminibacterium_sp_QYPL01000029.1	k141_225774	90.9		True
CONTIG	k141_225774	1830	correct
13924	15053	1227	108	Sediminibacterium_sp_QYPL01000029.1	k141_46485	90.36		True
CONTIG	k141_46485	1236	correct
3753	5161	1	1410	Sediminibacterium_sp_QYPL01000029.1	k141_62826	90.71		True
CONTIG	k141_62826	1414	correct
8709	9627	934	16	Sediminibacterium_sp_QYPL01000029.1	k141_380442	92.83		True
CONTIG	k141_380442	934	correct
1079	1573	394	888	Sediminibacterium_sp_QYPL01000029.1	k141_81147	90.51		True
local misassembly
1632	2293	1071	1732	Sediminibacterium_sp_QYPL01000029.1	k141_81147	91.99		True
CONTIG	k141_81147	1732	correct
20470	21519	25	1074	Sediminibacterium_sp_QYPL01000029.1	k141_39279	93.0		True
unknown
1	850	934	1790	Sediminibacterium_sp_QYPL01000006.1	k141_39279	93.36		True
unknown
CONTIG	k141_39279	6253	mis_unaligned
5045	5890	1	846	Sediminibacterium_sp_QYPL01000029.1	k141_146074	90.9		True
CONTIG	k141_146074	1172	correct
14806	18497	3966	275	Sediminibacterium_sp_QYPL01000029.1	k141_43955	92.23		True
CONTIG	k141_43955	3966	correct
393	626	661	894	Sediminibacterium_sp_QYPL01000029.1	k141_239734	90.6		True
CONTIG	k141_239734	911	correct_unaligned
2010	3845	1961	126	Sediminibacterium_sp_QYPL01000029.1	k141_225172	94.88		True
CONTIG	k141_225172	1965	correct
9564	10632	1	1069	Sediminibacterium_sp_QYPL01000029.1	k141_150031	90.3		True
CONTIG	k141_150031	1134	correct
56105	56718	1	615	Sediminibacterium_sp_QYPL01000014.1	k141_391278	91.41		True
CONTIG	k141_391278	685	correct
27656	28285	636	7	Sediminibacterium_sp_QYPL01000014.1	k141_15611	94.13		True
CONTIG	k141_15611	729	correct
43661	43865	4	208	Sediminibacterium_sp_QYPL01000014.1	k141_331434	92.68		True
CONTIG	k141_331434	3142	correct_unaligned
185126	185588	5	467	Sediminibacterium_sp_QYPL01000014.1	k141_181477	90.71		True
CONTIG	k141_181477	505	correct
189721	190469	7	755	Sediminibacterium_sp_QYPL01000014.1	k141_271792	91.46		True
CONTIG	k141_271792	764	correct
2683	3177	1	492	Sediminibacterium_sp_QYPL01000014.1	k141_317201	94.75		True
CONTIG	k141_317201	573	correct
32271	33196	932	10	Sediminibacterium_sp_QYPL01000014.1	k141_437487	91.38		True
CONTIG	k141_437487	936	correct
106859	107043	1	185	Sediminibacterium_sp_QYPL01000014.1	k141_272379	92.97		True
indel: indel (> 5bp)
107071	109761	186	2859	Sediminibacterium_sp_QYPL01000014.1	k141_272379	90.3		True
CONTIG	k141_272379	2859	correct
175709	177659	2429	479	Sediminibacterium_sp_QYPL01000014.1	k141_317634	91.53		True
CONTIG	k141_317634	2463	correct
159874	161303	1526	97	Sediminibacterium_sp_QYPL01000014.1	k141_317683	90.15		True
CONTIG	k141_317683	1597	correct
118160	120122	1	1943	Sediminibacterium_sp_QYPL01000014.1	k141_377467	90.98		True
CONTIG	k141_377467	1991	correct
68766	70049	7	1288	Sediminibacterium_sp_QYPL01000014.1	k141_243007	91.82		True
CONTIG	k141_243007	5475	correct_unaligned
9276	12948	3734	7	Sediminibacterium_sp_QYPL01000014.1	k141_273242	90.81		True
CONTIG	k141_273242	3748	correct
192383	194880	4	2501	Sediminibacterium_sp_QYPL01000014.1	k141_273305	90.75		True
CONTIG	k141_273305	8351	correct_unaligned
171466	172416	180	1130	Sediminibacterium_sp_QYPL01000014.1	k141_77330	90.91		True
CONTIG	k141_77330	1130	correct
30105	31314	1	1210	Sediminibacterium_sp_QYPL01000014.1	k141_393594	90.95		True
CONTIG	k141_393594	1210	correct
16455	17259	989	186	Sediminibacterium_sp_QYPL01000014.1	k141_2611	94.16		True
CONTIG	k141_2611	989	correct
17751	17928	20	197	Sediminibacterium_sp_QYPL01000014.1	k141_439261	92.74		True
CONTIG	k141_439261	1442	correct_unaligned
169694	170420	727	1	Sediminibacterium_sp_QYPL01000014.1	k141_3030	91.06		True
CONTIG	k141_3030	742	correct
18490	20547	2197	140	Sediminibacterium_sp_QYPL01000014.1	k141_198859	90.09		True
CONTIG	k141_198859	2228	correct
6342	9252	2908	1	Sediminibacterium_sp_QYPL01000014.1	k141_409916	92.04		True
CONTIG	k141_409916	3149	correct
163684	164394	21	731	Sediminibacterium_sp_QYPL01000014.1	k141_184519	90.15		True
CONTIG	k141_184519	789	correct
167127	169044	1	1918	Sediminibacterium_sp_QYPL01000014.1	k141_64208	92.6		True
CONTIG	k141_64208	1921	correct
85241	88715	3481	5	Sediminibacterium_sp_QYPL01000014.1	k141_230207	90.88		True
CONTIG	k141_230207	3570	correct
89483	91277	202	1996	Sediminibacterium_sp_QYPL01000014.1	k141_4521	90.03		True
CONTIG	k141_4521	1996	correct
17156	17840	687	3	Sediminibacterium_sp_QYPL01000014.1	k141_365022	92.7		True
CONTIG	k141_365022	692	correct
78837	81517	1	2681	Sediminibacterium_sp_QYPL01000014.1	k141_275730	91.51		True
CONTIG	k141_275730	2683	correct
76305	77374	1398	332	Sediminibacterium_sp_QYPL01000014.1	k141_139774	94.12		True
CONTIG	k141_139774	1406	correct
33751	34374	624	1	Sediminibacterium_sp_QYPL01000014.1	k141_320639	90.54		True
CONTIG	k141_320639	627	correct
62483	63512	59	1088	Sediminibacterium_sp_QYPL01000014.1	k141_245542	92.14		True
CONTIG	k141_245542	1098	correct
28323	28601	545	823	Sediminibacterium_sp_QYPL01000014.1	k141_321055	92.83		True
CONTIG	k141_321055	823	correct_unaligned
94519	95866	1375	28	Sediminibacterium_sp_QYPL01000014.1	k141_412390	90.88		True
CONTIG	k141_412390	1376	correct
101081	101700	628	9	Sediminibacterium_sp_QYPL01000014.1	k141_110974	93.24		True
CONTIG	k141_110974	649	correct
161419	163087	26	1694	Sediminibacterium_sp_QYPL01000014.1	k141_397809	91.91		True
indel: indel (> 5bp)
163128	163652	1695	2219	Sediminibacterium_sp_QYPL01000014.1	k141_397809	90.48		True
CONTIG	k141_397809	2353	correct
197647	197854	1832	2038	Sediminibacterium_sp_QYPL01000014.1	k141_21811	93.27		True
CONTIG	k141_21811	3015	correct_unaligned
58826	60655	13	1842	Sediminibacterium_sp_QYPL01000014.1	k141_97633	92.53		True
CONTIG	k141_97633	1842	correct
114366	114587	222	1	Sediminibacterium_sp_QYPL01000014.1	k141_157740	92.34		True
indel: indel (> 5bp)
112942	114322	1603	223	Sediminibacterium_sp_QYPL01000014.1	k141_157740	90.01		True
indel: indel (> 5bp)
112498	112915	2018	1604	Sediminibacterium_sp_QYPL01000014.1	k141_157740	90.19		True
CONTIG	k141_157740	2035	correct
170276	170936	1	660	Sediminibacterium_sp_QYPL01000014.1	k141_187786	92.59		True
CONTIG	k141_187786	828	correct
7515	7672	497	340	Sediminibacterium_sp_QYPL01000014.1	k141_428280	91.77		True
CONTIG	k141_428280	560	correct
21386	25279	117	4010	Sediminibacterium_sp_QYPL01000014.1	k141_188416	92.32		True
CONTIG	k141_188416	5950	correct
148158	148381	700	923	Sediminibacterium_sp_QYPL01000014.1	k141_173416	91.96		True
CONTIG	k141_173416	923	correct_unaligned
146835	146955	216	336	Sediminibacterium_sp_QYPL01000014.1	k141_339657	95.12		True
CONTIG	k141_339657	877	correct_unaligned
31221	32044	1	824	Sediminibacterium_sp_QYPL01000014.1	k141_203875	91.38		True
CONTIG	k141_203875	828	correct
13322	16132	2799	19	Sediminibacterium_sp_QYPL01000014.1	k141_293856	90.05		True
CONTIG	k141_293856	2846	correct
79260	79543	508	791	Sediminibacterium_sp_QYPL01000014.1	k141_369205	93.31		True
CONTIG	k141_369205	793	correct_unaligned
148846	152967	4099	5	Sediminibacterium_sp_QYPL01000014.1	k141_445272	92.46		True
CONTIG	k141_445272	4099	correct
6	141	237	102	Sediminibacterium_sp_QYPL01000014.1	k141_129021	94.85		True
CONTIG	k141_129021	712	correct
57515	58251	23	759	Sediminibacterium_sp_QYPL01000014.1	k141_54160	90.77		True
CONTIG	k141_54160	886	correct
165097	167201	25	2106	Sediminibacterium_sp_QYPL01000014.1	k141_174651	90.15		True
CONTIG	k141_174651	2112	correct
1463	1533	1	71	Sediminibacterium_sp_QYPL01000014.1	k141_340453	100.0		True
CONTIG	k141_340453	1051	correct_unaligned
190075	191153	11	1089	Sediminibacterium_sp_QYPL01000014.1	k141_9354	93.42		True
CONTIG	k141_9354	1112	correct
54548	54942	1559	1165	Sediminibacterium_sp_QYPL01000014.1	k141_416294	91.39		True
CONTIG	k141_416294	3089	correct_unaligned
187001	187209	925	717	Sediminibacterium_sp_QYPL01000014.1	k141_9692	92.38		True
CONTIG	k141_9692	925	correct_unaligned
68152	68911	760	1	Sediminibacterium_sp_QYPL01000014.1	k141_370120	90.14		True
CONTIG	k141_370120	959	correct
153292	154517	1226	1	Sediminibacterium_sp_QYPL01000014.1	k141_175198	90.23		True
CONTIG	k141_175198	1231	correct
28340	30346	1	2007	Sediminibacterium_sp_QYPL01000014.1	k141_310620	90.0		True
CONTIG	k141_310620	2056	correct
78367	78902	611	76	Sediminibacterium_sp_QYPL01000014.1	k141_205342	94.96		True
CONTIG	k141_205342	611	correct
117790	118169	4379	4758	Sediminibacterium_sp_QYPL01000014.1	k141_10332	93.68		True
CONTIG	k141_10332	4758	correct_unaligned
148731	149004	1	274	Sediminibacterium_sp_QYPL01000014.1	k141_370710	96.35		True
CONTIG	k141_370710	1251	correct_unaligned
60380	62489	1	2095	Sediminibacterium_sp_QYPL01000014.1	k141_446781	92.36		True
CONTIG	k141_446781	2095	correct
77235	77368	345	212	Sediminibacterium_sp_QYPL01000014.1	k141_370879	91.79		True
CONTIG	k141_370879	608	correct
102088	104106	2019	1	Sediminibacterium_sp_QYPL01000014.1	k141_205707	90.37		True
CONTIG	k141_205707	2021	correct
4223	4640	554	137	Sediminibacterium_sp_QYPL01000014.1	k141_236257	91.19		True
CONTIG	k141_236257	560	correct
32933	41110	8186	3	Sediminibacterium_sp_QYPL01000014.1	k141_281277	90.09		True
CONTIG	k141_281277	8186	correct
1	2823	2852	1	Sediminibacterium_sp_QYPL01000014.1	k141_418163	91.02		True
CONTIG	k141_418163	3483	correct
185356	187010	17	1672	Sediminibacterium_sp_QYPL01000014.1	k141_402605	90.22		True
CONTIG	k141_402605	1676	correct
93347	94364	1074	57	Sediminibacterium_sp_QYPL01000014.1	k141_237573	90.96		True
CONTIG	k141_237573	1074	correct
184662	185435	774	1	Sediminibacterium_sp_QYPL01000014.1	k141_177456	92.64		True
relocation, inconsistency = 2360
181138	182218	1935	858	Sediminibacterium_sp_QYPL01000014.1	k141_177456	90.66		True
CONTIG	k141_177456	2094	misassembled
174418	175703	21	1324	Sediminibacterium_sp_QYPL01000014.1	k141_71785	92.33		True
CONTIG	k141_71785	1328	correct
126275	127470	2023	3209	Sediminibacterium_sp_QYPL01000014.1	k141_312690	90.05		True
CONTIG	k141_312690	3210	correct_unaligned
82047	82745	1478	780	Sediminibacterium_sp_QYPL01000014.1	k141_282598	91.03		True
CONTIG	k141_282598	1481	correct_unaligned
32946	33560	2	615	Sediminibacterium_sp_QYPL01000014.1	k141_267075	90.26		True
CONTIG	k141_267075	615	correct
120316	122249	1933	1	Sediminibacterium_sp_QYPL01000014.1	k141_448526	90.12		True
CONTIG	k141_448526	1949	correct
146976	148721	1747	1	Sediminibacterium_sp_QYPL01000014.1	k141_448759	92.73		True
indel: indel (> 5bp)
145763	146975	2986	1788	Sediminibacterium_sp_QYPL01000014.1	k141_448759	90.6		True
CONTIG	k141_448759	4386	correct
81419	82220	7	808	Sediminibacterium_sp_QYPL01000014.1	k141_419174	92.64		True
CONTIG	k141_419174	808	correct
191919	192342	153	577	Sediminibacterium_sp_QYPL01000014.1	k141_283304	92.47		True
CONTIG	k141_283304	583	correct
56753	57845	1087	8	Sediminibacterium_sp_QYPL01000014.1	k141_313533	90.03		True
CONTIG	k141_313533	1110	correct
12834	13338	511	7	Sediminibacterium_sp_QYPL01000014.1	k141_208061	90.3		True
CONTIG	k141_208061	531	correct
141019	141531	1	513	Sediminibacterium_sp_QYPL01000014.1	k141_238495	91.42		True
CONTIG	k141_238495	533	correct
109578	112476	46	2944	Sediminibacterium_sp_QYPL01000014.1	k141_12817	91.03		True
CONTIG	k141_12817	3162	correct
42695	42883	1	188	Sediminibacterium_sp_QYPL01000014.1	k141_104136	93.12		True
CONTIG	k141_104136	1077	correct_unaligned
141557	142612	1393	338	Sediminibacterium_sp_QYPL01000014.1	k141_59536	92.52		True
CONTIG	k141_59536	1415	correct
6832	7223	240	631	Sediminibacterium_sp_QYPL01000017.1	k141_225862	91.84		True
CONTIG	k141_225862	686	correct
6563	6914	202	554	Sediminibacterium_sp_QYPL01000017.1	k141_106050	94.9		True
CONTIG	k141_106050	558	correct
52262	52416	513	359	Sediminibacterium_sp_QYPL01000017.1	k141_46753	93.55		True
CONTIG	k141_46753	1172	correct_unaligned
5761	6524	770	7	Sediminibacterium_sp_QYPL01000017.1	k141_197376	90.71		True
CONTIG	k141_197376	770	correct
54553	56894	107	2428	Sediminibacterium_sp_QYPL01000017.1	k141_348220	92.32		True
CONTIG	k141_348220	2673	correct
7729	8732	20	1022	Sediminibacterium_sp_QYPL01000017.1	k141_395513	90.64		True
CONTIG	k141_395513	1047	correct
13887	17111	91	3328	Sediminibacterium_sp_QYPL01000017.1	k141_275795	91.23		True
local misassembly
17223	19270	3329	5376	Sediminibacterium_sp_QYPL01000017.1	k141_275795	93.46		True
CONTIG	k141_275795	5376	correct
58098	58592	1	495	Sediminibacterium_sp_QYPL01000017.1	k141_186372	90.1		True
CONTIG	k141_186372	512	correct
47370	48014	656	1	Sediminibacterium_sp_QYPL01000017.1	k141_277199	92.23		True
CONTIG	k141_277199	3112	correct_unaligned
22418	22913	9	504	Sediminibacterium_sp_QYPL01000017.1	k141_172304	91.53		True
CONTIG	k141_172304	504	correct
48107	49358	1260	29	Sediminibacterium_sp_QYPL01000017.1	k141_37531	91.06		True
CONTIG	k141_37531	1260	correct
19120	19810	691	1	Sediminibacterium_sp_QYPL01000017.1	k141_7683	94.79		True
CONTIG	k141_7683	691	correct
26396	31332	91	5028	Sediminibacterium_sp_QYPL01000017.1	k141_322965	90.04		True
CONTIG	k141_322965	5055	correct
41791	45225	8	3442	Sediminibacterium_sp_QYPL01000017.1	k141_263696	91.8		True
CONTIG	k141_263696	3483	correct
33612	35184	1573	1	Sediminibacterium_sp_QYPL01000017.1	k141_234164	91.89		True
CONTIG	k141_234164	1819	correct
49379	50233	1	856	Sediminibacterium_sp_QYPL01000017.1	k141_399540	91.0		True
CONTIG	k141_399540	856	correct
58537	59833	1296	1	Sediminibacterium_sp_QYPL01000017.1	k141_385595	90.21		True
CONTIG	k141_385595	1317	correct
25557	26143	622	36	Sediminibacterium_sp_QYPL01000017.1	k141_431486	91.31		True
CONTIG	k141_431486	623	correct
46400	46596	828	632	Sediminibacterium_sp_QYPL01000017.1	k141_343011	91.37		True
CONTIG	k141_343011	996	correct_unaligned
25307	25678	372	1	Sediminibacterium_sp_QYPL01000017.1	k141_432261	90.32		True
relocation, inconsistency = 1272
19580	23867	4824	540	Sediminibacterium_sp_QYPL01000017.1	k141_432261	90.84		True
CONTIG	k141_432261	4824	misassembled
4271	5027	35	791	Sediminibacterium_sp_QYPL01000017.1	k141_162664	91.15		True
local misassembly
5464	6226	1149	1911	Sediminibacterium_sp_QYPL01000017.1	k141_162664	93.05		True
CONTIG	k141_162664	1947	correct
11427	12590	1255	92	Sediminibacterium_sp_QYPL01000005.1	k141_361295	90.29		True
CONTIG	k141_361295	1306	correct
47980	48679	17	717	Sediminibacterium_sp_QYPL01000005.1	k141_376769	92.58		True
indel: indel (> 5bp)
48721	48998	718	994	Sediminibacterium_sp_QYPL01000005.1	k141_376769	96.04		True
CONTIG	k141_376769	1045	correct
94500	95034	535	1	Sediminibacterium_sp_QYPL01000005.1	k141_15843	92.15		True
CONTIG	k141_15843	535	correct
498	2566	2112	39	Sediminibacterium_sp_QYPL01000005.1	k141_361844	91.66		True
local misassembly
118	497	2579	2202	Sediminibacterium_sp_QYPL01000005.1	k141_361844	90.53		True
translocation
33	2638	2631	5235	Sediminibacterium_sp_QYPL01000009.1	k141_361844	93.17		True
relocation, inconsistency = 1205
6444	8133	7836	9522	Sediminibacterium_sp_QYPL01000009.1	k141_361844	90.41		True
CONTIG	k141_361844	9816	misassembled
61240	61428	4	192	Sediminibacterium_sp_QYPL01000005.1	k141_331959	93.65		True
CONTIG	k141_331959	3662	correct_unaligned
85556	86056	644	144	Sediminibacterium_sp_QYPL01000005.1	k141_392519	90.62		True
CONTIG	k141_392519	645	correct
45232	48342	42	3123	Sediminibacterium_sp_QYPL01000005.1	k141_422612	92.96		True
CONTIG	k141_422612	3123	correct
72808	73381	583	10	Sediminibacterium_sp_QYPL01000005.1	k141_257257	93.9		True
local misassembly
72627	72903	860	584	Sediminibacterium_sp_QYPL01000005.1	k141_257257	95.83		True
CONTIG	k141_257257	942	correct
98383	99264	964	83	Sediminibacterium_sp_QYPL01000005.1	k141_31596	90.25		True
CONTIG	k141_31596	977	correct
38383	38663	12	292	Sediminibacterium_sp_QYPL01000005.1	k141_197672	92.88		True
CONTIG	k141_197672	3428	correct_unaligned
86126	87118	196	1188	Sediminibacterium_sp_QYPL01000005.1	k141_378247	91.64		True
CONTIG	k141_378247	1190	correct
21965	22795	839	9	Sediminibacterium_sp_QYPL01000005.1	k141_137816	92.3		True
CONTIG	k141_137816	840	correct
94108	94636	533	5	Sediminibacterium_sp_QYPL01000005.1	k141_273960	91.3		True
CONTIG	k141_273960	533	correct
4148	4981	1	834	Sediminibacterium_sp_QYPL01000005.1	k141_3155	90.53		True
CONTIG	k141_3155	834	correct
73411	75966	73	2578	Sediminibacterium_sp_QYPL01000005.1	k141_213806	90.81		True
CONTIG	k141_213806	2587	correct
135470	139656	4113	1	Sediminibacterium_sp_QYPL01000005.1	k141_274232	90.43		True
CONTIG	k141_274232	4113	correct
116093	116717	102	726	Sediminibacterium_sp_QYPL01000005.1	k141_18270	93.44		True
CONTIG	k141_18270	726	correct
52968	55754	3430	644	Sediminibacterium_sp_QYPL01000005.1	k141_289329	90.56		True
CONTIG	k141_289329	3430	correct
22474	22795	1256	935	Sediminibacterium_sp_QYPL01000005.1	k141_79049	90.99		True
CONTIG	k141_79049	1256	correct_unaligned
33522	34062	2482	1942	Sediminibacterium_sp_QYPL01000005.1	k141_410589	92.05		True
unknown
29947	32409	7345	4883	Sediminibacterium_sp_QYPL01000005.1	k141_410589	91.07		True
unknown
CONTIG	k141_410589	7345	mis_unaligned
50454	52411	1	1958	Sediminibacterium_sp_QYPL01000005.1	k141_199927	92.11		True
CONTIG	k141_199927	1961	correct
116093	118418	1010	3335	Sediminibacterium_sp_QYPL01000005.1	k141_79562	91.14		True
CONTIG	k141_79562	3579	correct
81710	85828	4154	36	Sediminibacterium_sp_QYPL01000005.1	k141_230543	90.41		True
CONTIG	k141_230543	4156	correct
57407	57558	1022	871	Sediminibacterium_sp_QYPL01000005.1	k141_80006	92.11		True
CONTIG	k141_80006	1022	correct_unaligned
139532	140058	11	537	Sediminibacterium_sp_QYPL01000005.1	k141_50114	94.31		True
CONTIG	k141_50114	537	correct
42068	42222	458	609	Sediminibacterium_sp_QYPL01000005.1	k141_21153	90.32		True
CONTIG	k141_21153	1236	correct_unaligned
37690	38381	19	709	Sediminibacterium_sp_QYPL01000005.1	k141_246797	90.17		True
CONTIG	k141_246797	783	correct
12648	17658	22	5033	Sediminibacterium_sp_QYPL01000005.1	k141_261822	91.48		True
CONTIG	k141_261822	7936	correct
4914	5737	3	826	Sediminibacterium_sp_QYPL01000005.1	k141_37097	91.26		True
CONTIG	k141_37097	896	correct
68673	72236	1	3561	Sediminibacterium_sp_QYPL01000012.1	k141_66796	90.31		True
indel: indel (> 5bp) [fragmentation of reference genome]
141953	145668	7310	3595	Sediminibacterium_sp_QYPL01000005.1	k141_66796	90.22		True
CONTIG	k141_66796	7403	correct
75761	77248	1486	1	Sediminibacterium_sp_QYPL01000005.1	k141_292054	91.74		True
CONTIG	k141_292054	1486	correct
57994	61275	3424	143	Sediminibacterium_sp_QYPL01000005.1	k141_247536	91.42		True
CONTIG	k141_247536	3424	correct
49153	50470	1294	1	Sediminibacterium_sp_QYPL01000005.1	k141_202742	91.92		True
CONTIG	k141_202742	1427	correct
101301	101781	48	528	Sediminibacterium_sp_QYPL01000005.1	k141_23964	90.02		True
CONTIG	k141_23964	573	correct
95233	98333	3107	5	Sediminibacterium_sp_QYPL01000005.1	k141_189238	93.92		True
CONTIG	k141_189238	5829	correct
131238	131542	307	3	Sediminibacterium_sp_QYPL01000005.1	k141_309950	93.11		True
CONTIG	k141_309950	517	correct
71569	72263	695	1	Sediminibacterium_sp_QYPL01000005.1	k141_416026	96.4		True
CONTIG	k141_416026	695	correct
86836	91249	26	4514	Sediminibacterium_sp_QYPL01000005.1	k141_280334	91.87		True
CONTIG	k141_280334	4517	correct
123767	123928	158	319	Sediminibacterium_sp_QYPL01000005.1	k141_100904	90.74		True
CONTIG	k141_100904	698	correct
135254	135328	1	75	Sediminibacterium_sp_QYPL01000005.1	k141_430367	98.67		True
CONTIG	k141_430367	606	correct_unaligned
127305	131110	1	3806	Sediminibacterium_sp_QYPL01000005.1	k141_266360	91.69		True
CONTIG	k141_266360	3809	correct
128156	128496	1	341	Sediminibacterium_sp_QYPL01000005.1	k141_237066	90.62		True
CONTIG	k141_237066	586	correct
94638	95125	1	488	Sediminibacterium_sp_QYPL01000005.1	k141_131851	93.03		True
CONTIG	k141_131851	549	correct
119726	124822	5066	1	Sediminibacterium_sp_QYPL01000005.1	k141_146729	90.55		True
CONTIG	k141_146729	5157	correct
99369	99569	1308	1108	Sediminibacterium_sp_QYPL01000005.1	k141_103556	95.52		True
CONTIG	k141_103556	1420	correct_unaligned
131296	131587	1244	953	Sediminibacterium_sp_QYPL01000005.1	k141_284174	93.84		True
CONTIG	k141_284174	1245	correct_unaligned
104340	106180	320	2159	Sediminibacterium_sp_QYPL01000005.1	k141_104341	90.89		True
CONTIG	k141_104341	2465	correct
123753	124036	487	204	Sediminibacterium_sp_QYPL01000005.1	k141_315121	93.31		True
CONTIG	k141_315121	563	correct
77468	81999	1	4618	Sediminibacterium_sp_QYPL01000005.1	k141_118731	90.96		True
CONTIG	k141_118731	4618	correct
56299	58353	19	2041	Sediminibacterium_sp_QYPL01000005.1	k141_240166	91.11		True
CONTIG	k141_240166	2049	correct
43074	45598	216	2789	Sediminibacterium_sp_QYPL01000005.1	k141_194762	92.51		True
CONTIG	k141_194762	2794	correct
46674	47136	1368	905	Sediminibacterium_sp_QYPL01000023.1	k141_331182	91.16		True
CONTIG	k141_331182	3134	correct_unaligned
44346	44554	560	764	Sediminibacterium_sp_QYPL01000023.1	k141_318017	90.43		True
CONTIG	k141_318017	856	correct_unaligned
51463	55384	3928	7	Sediminibacterium_sp_QYPL01000023.1	k141_153556	90.59		True
CONTIG	k141_153556	6443	correct
43333	43842	5	514	Sediminibacterium_sp_QYPL01000023.1	k141_124463	93.53		True
CONTIG	k141_124463	514	correct
60186	60735	550	1	Sediminibacterium_sp_QYPL01000023.1	k141_410861	93.45		True
CONTIG	k141_410861	666	correct
25395	25972	1	578	Sediminibacterium_sp_QYPL01000023.1	k141_156039	90.66		True
CONTIG	k141_156039	578	correct
3997	9924	1	5915	Sediminibacterium_sp_QYPL01000023.1	k141_216859	92.12		True
CONTIG	k141_216859	5915	correct
10299	16800	6455	16	Sediminibacterium_sp_QYPL01000023.1	k141_217180	91.94		True
CONTIG	k141_217180	6743	correct
60752	61057	1	306	Sediminibacterium_sp_QYPL01000023.1	k141_426931	93.79		True
local misassembly [fragmentation of reference genome]
29660	32529	3254	397	Sediminibacterium_sp_QYPL01000027.1	k141_426931	92.45		True
CONTIG	k141_426931	6070	correct
44023	44736	956	243	Sediminibacterium_sp_QYPL01000023.1	k141_111374	92.18		True
CONTIG	k141_111374	956	correct
16707	22560	5895	1	Sediminibacterium_sp_QYPL01000023.1	k141_38016	90.06		True
CONTIG	k141_38016	5895	correct
1	3511	3611	98	Sediminibacterium_sp_QYPL01000023.1	k141_444951	93.43		True
indel: indel (> 5bp) [fragmentation of reference genome]
41103	41616	4125	3612	Sediminibacterium_sp_QYPL01000016.1	k141_444951	91.71		True
CONTIG	k141_444951	4129	correct
55747	57051	1	1301	Sediminibacterium_sp_QYPL01000023.1	k141_355145	93.95		True
CONTIG	k141_355145	1301	correct
56911	58563	1653	1	Sediminibacterium_sp_QYPL01000023.1	k141_447275	93.28		True
CONTIG	k141_447275	1653	correct
55004	55881	884	7	Sediminibacterium_sp_QYPL01000023.1	k141_372308	93.28		True
CONTIG	k141_372308	884	correct
34237	34994	1	758	Sediminibacterium_sp_QYPL01000023.1	k141_44354	93.82		True
CONTIG	k141_44354	758	correct
58555	60397	1807	1	Sediminibacterium_sp_QYPL01000023.1	k141_390192	90.51		True
CONTIG	k141_390192	1807	correct
19822	21116	1330	35	Sediminibacterium_sp_QYPL01000004.1	k141_45297	94.23		True
CONTIG	k141_45297	1330	correct
104491	105279	56	840	Sediminibacterium_sp_QYPL01000004.1	k141_332370	92.14		True
indel: indel (> 5bp)
105345	106033	841	1521	Sediminibacterium_sp_QYPL01000004.1	k141_332370	90.57		True
CONTIG	k141_332370	1575	correct
13467	13679	3	216	Sediminibacterium_sp_QYPL01000004.1	k141_137066	96.26		True
local misassembly
13687	15994	341	2644	Sediminibacterium_sp_QYPL01000004.1	k141_137066	92.52		True
CONTIG	k141_137066	2681	correct
1	2094	759	2874	Sediminibacterium_sp_QYPL01000004.1	k141_197436	90.58		True
CONTIG	k141_197436	2902	correct
105926	107475	1552	3	Sediminibacterium_sp_QYPL01000004.1	k141_287642	91.75		True
CONTIG	k141_287642	1552	correct
79907	81507	1720	120	Sediminibacterium_sp_QYPL01000004.1	k141_212683	92.0		True
CONTIG	k141_212683	1720	correct
45803	46634	1	832	Sediminibacterium_sp_QYPL01000004.1	k141_423221	92.91		True
indel: indel (> 5bp)
46688	46851	833	996	Sediminibacterium_sp_QYPL01000004.1	k141_423221	95.12		True
CONTIG	k141_423221	996	correct
36456	38845	2365	13	Sediminibacterium_sp_QYPL01000004.1	k141_183014	90.78		True
CONTIG	k141_183014	2365	correct
56785	57302	522	5	Sediminibacterium_sp_QYPL01000004.1	k141_32665	90.54		True
local misassembly
51871	56688	5342	531	Sediminibacterium_sp_QYPL01000004.1	k141_32665	92.84		True
CONTIG	k141_32665	5439	correct
47402	48111	24	733	Sediminibacterium_sp_QYPL01000004.1	k141_2909	93.39		True
CONTIG	k141_2909	733	correct
11608	12916	1309	1	Sediminibacterium_sp_QYPL01000004.1	k141_274239	93.28		True
indel: indel (> 5bp)
11313	11607	1675	1375	Sediminibacterium_sp_QYPL01000004.1	k141_274239	91.03		True
CONTIG	k141_274239	1675	correct
72554	73333	1	780	Sediminibacterium_sp_QYPL01000004.1	k141_138512	92.57		True
CONTIG	k141_138512	780	correct
31958	32508	1	551	Sediminibacterium_sp_QYPL01000004.1	k141_319457	90.93		True
CONTIG	k141_319457	551	correct
48552	48831	1	280	Sediminibacterium_sp_QYPL01000004.1	k141_304387	90.71		True
CONTIG	k141_304387	1359	correct_unaligned
40920	41245	31	356	Sediminibacterium_sp_QYPL01000004.1	k141_379405	94.17		True
CONTIG	k141_379405	1146	correct_unaligned
82776	83724	12	959	Sediminibacterium_sp_QYPL01000004.1	k141_138942	91.08		True
CONTIG	k141_138942	974	correct
22668	24906	2311	1	Sediminibacterium_sp_QYPL01000004.1	k141_123998	90.28		True
CONTIG	k141_123998	2330	correct
57513	62326	6710	1923	Sediminibacterium_sp_QYPL01000004.1	k141_395309	90.2		True
CONTIG	k141_395309	6902	correct
118389	118764	10025	9650	Sediminibacterium_sp_QYPL01000004.1	k141_275314	94.68		True
CONTIG	k141_275314	10025	correct_unaligned
71909	72632	724	1	Sediminibacterium_sp_QYPL01000004.1	k141_5034	93.38		True
CONTIG	k141_5034	757	correct
138020	138095	234	159	Sediminibacterium_sp_QYPL01000004.1	k141_321003	100.0		True
CONTIG	k141_321003	707	correct
67526	67965	667	226	Sediminibacterium_sp_QYPL01000004.1	k141_411964	90.95		True
CONTIG	k141_411964	711	correct
4968	5474	2	508	Sediminibacterium_sp_QYPL01000004.1	k141_20684	93.29		True
CONTIG	k141_20684	508	correct
3336	5474	1	2139	Sediminibacterium_sp_QYPL01000004.1	k141_20796	94.63		True
CONTIG	k141_20796	2139	correct
12940	13100	718	558	Sediminibacterium_sp_QYPL01000004.1	k141_366216	91.3		True
CONTIG	k141_366216	718	correct_unaligned
1985	3318	1334	1	Sediminibacterium_sp_QYPL01000004.1	k141_246807	93.65		True
CONTIG	k141_246807	1334	correct
79076	79980	996	93	Sediminibacterium_sp_QYPL01000004.1	k141_398143	93.04		True
CONTIG	k141_398143	999	correct
48194	49481	1	1270	Sediminibacterium_sp_QYPL01000004.1	k141_263396	94.02		True
CONTIG	k141_263396	1281	correct
5334	7057	1	1727	Sediminibacterium_sp_QYPL01000004.1	k141_308687	93.64		True
CONTIG	k141_308687	1737	correct
95892	96275	414	797	Sediminibacterium_sp_QYPL01000004.1	k141_188748	90.62		True
CONTIG	k141_188748	808	correct
101539	102269	754	24	Sediminibacterium_sp_QYPL01000004.1	k141_143307	92.61		True
CONTIG	k141_143307	754	correct
21736	22610	881	5	Sediminibacterium_sp_QYPL01000004.1	k141_309285	92.13		True
CONTIG	k141_309285	1174	correct
118999	119318	538	219	Sediminibacterium_sp_QYPL01000004.1	k141_400065	91.25		True
CONTIG	k141_400065	544	correct
136446	138094	2294	646	Sediminibacterium_sp_QYPL01000004.1	k141_219745	90.15		True
CONTIG	k141_219745	2508	correct
7640	9041	33	1435	Sediminibacterium_sp_QYPL01000004.1	k141_445568	94.37		True
CONTIG	k141_445568	1460	correct
129387	132370	6293	3311	Sediminibacterium_sp_QYPL01000004.1	k141_24315	91.23		True
CONTIG	k141_24315	6293	correct_unaligned
135329	136264	16	938	Sediminibacterium_sp_QYPL01000004.1	k141_280078	90.61		True
CONTIG	k141_280078	1185	correct
101539	103687	2228	80	Sediminibacterium_sp_QYPL01000004.1	k141_295005	92.51		True
CONTIG	k141_295005	2228	correct
24674	26183	1	1510	Sediminibacterium_sp_QYPL01000004.1	k141_385337	92.2		True
relocation, inconsistency = 1476
27680	30535	1531	4395	Sediminibacterium_sp_QYPL01000004.1	k141_385337	94.07		True
CONTIG	k141_385337	4401	misassembled
40253	40699	75	521	Sediminibacterium_sp_QYPL01000004.1	k141_175565	95.32		True
CONTIG	k141_175565	533	correct
8989	11557	2623	27	Sediminibacterium_sp_QYPL01000004.1	k141_341605	91.54		True
CONTIG	k141_341605	2625	correct
30121	36639	1	6469	Sediminibacterium_sp_QYPL01000004.1	k141_40414	93.9		True
CONTIG	k141_40414	6469	correct
68603	71994	248	3643	Sediminibacterium_sp_QYPL01000004.1	k141_341661	90.02		True
CONTIG	k141_341661	3752	correct
41284	41715	1	433	Sediminibacterium_sp_QYPL01000004.1	k141_55461	95.15		True
local misassembly
41709	42348	1003	1642	Sediminibacterium_sp_QYPL01000004.1	k141_55461	94.22		True
CONTIG	k141_55461	1646	correct
321	460	143	1	Sediminibacterium_sp_QYPL01000004.1	k141_191346	96.5		True
unknown
1	320	499	180	Sediminibacterium_sp_QYPL01000004.1	k141_191346	93.75		True
unknown
CONTIG	k141_191346	1710	mis_unaligned
44114	45447	1340	1	Sediminibacterium_sp_QYPL01000004.1	k141_11109	90.68		True
CONTIG	k141_11109	1340	correct
97203	98713	1516	6	Sediminibacterium_sp_QYPL01000004.1	k141_431690	93.12		True
local misassembly
96058	96502	2606	2162	Sediminibacterium_sp_QYPL01000004.1	k141_431690	90.56		True
CONTIG	k141_431690	3158	correct
98619	102060	3442	1	Sediminibacterium_sp_QYPL01000004.1	k141_11453	91.44		True
CONTIG	k141_11453	3490	correct
63689	64087	1	399	Sediminibacterium_sp_QYPL01000004.1	k141_432335	90.77		True
relocation, inconsistency = 1533
65677	67593	456	2372	Sediminibacterium_sp_QYPL01000004.1	k141_432335	90.57		True
CONTIG	k141_432335	2413	misassembled
19046	19837	1020	229	Sediminibacterium_sp_QYPL01000004.1	k141_403539	94.21		True
CONTIG	k141_403539	1020	correct
126591	129512	2901	1	Sediminibacterium_sp_QYPL01000004.1	k141_404566	90.31		True
CONTIG	k141_404566	2901	correct
12898	13645	4	751	Sediminibacterium_sp_QYPL01000004.1	k141_344709	96.12		True
local misassembly
13690	13872	955	1137	Sediminibacterium_sp_QYPL01000004.1	k141_344709	96.17		True
CONTIG	k141_344709	1137	correct
47900	48214	317	2	Sediminibacterium_sp_QYPL01000004.1	k141_193382	91.46		True
CONTIG	k141_193382	745	correct
76787	79359	2612	43	Sediminibacterium_sp_QYPL01000004.1	k141_404941	91.37		True
CONTIG	k141_404941	2618	correct
43276	44184	1015	107	Sediminibacterium_sp_QYPL01000004.1	k141_240345	94.39		True
CONTIG	k141_240345	1154	correct
33264	33796	549	6	Sediminibacterium_sp_QYPL01000016.1	k141_391368	90.11		True
CONTIG	k141_391368	549	correct
36757	38109	6	1358	Sediminibacterium_sp_QYPL01000016.1	k141_391808	93.72		True
CONTIG	k141_391808	1467	correct
31972	33084	1	1113	Sediminibacterium_sp_QYPL01000016.1	k141_362601	92.45		True
CONTIG	k141_362601	1441	correct
33429	35098	1687	7	Sediminibacterium_sp_QYPL01000016.1	k141_350948	90.18		True
CONTIG	k141_350948	1687	correct
7377	9115	12	1766	Sediminibacterium_sp_QYPL01000016.1	k141_35067	91.29		True
CONTIG	k141_35067	1766	correct
38147	41152	2	3007	Sediminibacterium_sp_QYPL01000016.1	k141_110856	90.78		True
CONTIG	k141_110856	3013	correct
35000	36734	15	1749	Sediminibacterium_sp_QYPL01000016.1	k141_261559	91.19		True
CONTIG	k141_261559	1765	correct
23272	23827	599	44	Sediminibacterium_sp_QYPL01000016.1	k141_6939	92.63		True
CONTIG	k141_6939	599	correct
39	5652	1	5542	Sediminibacterium_sp_QYPL01000016.1	k141_367443	91.21		True
CONTIG	k141_367443	5551	correct
9159	15982	141	6953	Sediminibacterium_sp_QYPL01000016.1	k141_98527	93.56		True
CONTIG	k141_98527	6981	correct
3059	3288	382	153	Sediminibacterium_sp_QYPL01000016.1	k141_249844	90.0		True
CONTIG	k141_249844	1430	correct_unaligned
24735	28140	3432	39	Sediminibacterium_sp_QYPL01000016.1	k141_341889	91.31		True
CONTIG	k141_341889	3432	correct
38409	39202	799	6	Sediminibacterium_sp_QYPL01000016.1	k141_206046	92.7		True
CONTIG	k141_206046	801	correct
22422	23325	101	1004	Sediminibacterium_sp_QYPL01000016.1	k141_387922	92.59		True
CONTIG	k141_387922	1004	correct
16010	19563	3629	89	Sediminibacterium_sp_QYPL01000016.1	k141_74778	92.86		True
CONTIG	k141_74778	3630	correct
1	4021	210	4213	Sediminibacterium_sp_QYPL01000010.1	k141_225939	91.86		True
CONTIG	k141_225939	4213	correct
1	572	572	1	Sediminibacterium_sp_QYPL01000010.1	k141_120631	91.96		True
CONTIG	k141_120631	694	correct
4094	4359	57	322	Sediminibacterium_sp_QYPL01000010.1	k141_107917	91.73		True
CONTIG	k141_107917	558	correct
20054	20657	4	606	Sediminibacterium_sp_QYPL01000010.1	k141_138261	90.73		True
CONTIG	k141_138261	611	correct
49501	49642	195	51	Sediminibacterium_sp_QYPL01000010.1	k141_288755	96.55		True
CONTIG	k141_288755	668	correct
27902	28590	828	140	Sediminibacterium_sp_QYPL01000010.1	k141_3370	92.75		True
CONTIG	k141_3370	1162	correct
49685	51006	1324	3	Sediminibacterium_sp_QYPL01000010.1	k141_259353	94.7		True
CONTIG	k141_259353	1374	correct
24070	26076	1975	1	Sediminibacterium_sp_QYPL01000010.1	k141_395186	90.52		True
CONTIG	k141_395186	1975	correct
46655	46829	165	336	Sediminibacterium_sp_QYPL01000010.1	k141_95213	91.43		True
CONTIG	k141_95213	534	correct
49495	49642	1	149	Sediminibacterium_sp_QYPL01000010.1	k141_34921	97.99		True
CONTIG	k141_34921	647	correct
6674	7948	1361	87	Sediminibacterium_sp_QYPL01000010.1	k141_65518	91.09		True
CONTIG	k141_65518	1361	correct
17683	18540	950	93	Sediminibacterium_sp_QYPL01000010.1	k141_140213	90.49		True
CONTIG	k141_140213	1787	correct_unaligned
43046	44179	1135	1	Sediminibacterium_sp_QYPL01000010.1	k141_6239	90.31		True
indel: indel (> 5bp)
41950	43012	2197	1136	Sediminibacterium_sp_QYPL01000010.1	k141_6239	91.72		True
CONTIG	k141_6239	2197	correct
48878	49012	997	863	Sediminibacterium_sp_QYPL01000010.1	k141_246554	92.59		True
CONTIG	k141_246554	1104	correct_unaligned
49501	49580	80	1	Sediminibacterium_sp_QYPL01000010.1	k141_381921	100.0		True
CONTIG	k141_381921	625	correct_unaligned
52312	54677	1	2366	Sediminibacterium_sp_QYPL01000010.1	k141_444525	92.06		True
CONTIG	k141_444525	2376	correct
5945	7018	1	1075	Sediminibacterium_sp_QYPL01000010.1	k141_368733	91.91		True
CONTIG	k141_368733	1075	correct
4763	5513	10	760	Sediminibacterium_sp_QYPL01000010.1	k141_400330	90.01		True
CONTIG	k141_400330	1200	correct
4158	4756	1	599	Sediminibacterium_sp_QYPL01000010.1	k141_160383	91.65		True
CONTIG	k141_160383	599	correct
22756	24061	1310	5	Sediminibacterium_sp_QYPL01000010.1	k141_418088	91.05		True
relocation, inconsistency = 1196
20932	21383	1938	1487	Sediminibacterium_sp_QYPL01000010.1	k141_418088	95.13		True
CONTIG	k141_418088	1938	misassembled
25735	26258	901	382	Sediminibacterium_sp_QYPL01000010.1	k141_162122	94.53		True
CONTIG	k141_162122	901	correct
1	232	232	1	Sediminibacterium_sp_QYPL01000010.1	k141_57133	96.98		True
CONTIG	k141_57133	3100	correct_unaligned
37917	41963	92	4134	Sediminibacterium_sp_QYPL01000010.1	k141_163128	91.51		True
CONTIG	k141_163128	4139	correct
58527	58717	1692	1502	Sediminibacterium_sp_QYPL01000010.1	k141_13256	94.76		True
CONTIG	k141_13256	1719	correct_unaligned
51048	52392	1394	38	Sediminibacterium_sp_QYPL01000010.1	k141_59440	90.47		True
CONTIG	k141_59440	1394	correct
4711	5903	1	1193	Sediminibacterium_sp_QYPL01000010.1	k141_44555	93.47		True
CONTIG	k141_44555	1200	correct
625	1159	840	306	Sediminibacterium_sp_QYPL01000021.1	k141_30349	93.83		True
CONTIG	k141_30349	840	correct
7877	12830	4971	1	Sediminibacterium_sp_QYPL01000021.1	k141_361524	92.18		True
CONTIG	k141_361524	4981	correct
10724	11201	703	226	Sediminibacterium_sp_QYPL01000021.1	k141_76285	91.21		True
CONTIG	k141_76285	1418	correct_unaligned
30341	30973	635	1	Sediminibacterium_sp_QYPL01000021.1	k141_347623	91.35		True
CONTIG	k141_347623	639	correct
22506	23648	1193	51	Sediminibacterium_sp_QYPL01000021.1	k141_348367	93.0		True
CONTIG	k141_348367	1193	correct
13439	13647	229	21	Sediminibacterium_sp_QYPL01000021.1	k141_17376	92.82		True
CONTIG	k141_17376	903	correct_unaligned
358	434	518	442	Sediminibacterium_sp_QYPL01000021.1	k141_288279	100.0		True
CONTIG	k141_288279	942	correct
20401	21957	1	1557	Sediminibacterium_sp_QYPL01000021.1	k141_258835	91.52		True
CONTIG	k141_258835	1560	correct
18871	19410	278	817	Sediminibacterium_sp_QYPL01000021.1	k141_20536	90.77		True
CONTIG	k141_20536	817	correct
19996	20874	879	1	Sediminibacterium_sp_QYPL01000021.1	k141_396844	90.33		True
indel: indel (> 5bp)
19478	19995	1452	934	Sediminibacterium_sp_QYPL01000021.1	k141_396844	95.95		True
CONTIG	k141_396844	1538	correct
5914	6024	564	454	Sediminibacterium_sp_QYPL01000021.1	k141_141043	97.3		True
CONTIG	k141_141043	564	correct
21763	22576	1	814	Sediminibacterium_sp_QYPL01000021.1	k141_157520	93.37		True
CONTIG	k141_157520	814	correct
23694	24365	1	672	Sediminibacterium_sp_QYPL01000021.1	k141_233087	92.26		True
indel: indel (> 5bp)
24410	25746	673	2010	Sediminibacterium_sp_QYPL01000021.1	k141_233087	91.18		True
CONTIG	k141_233087	2667	correct
5089	5429	339	679	Sediminibacterium_sp_QYPL01000021.1	k141_234337	90.03		True
CONTIG	k141_234337	814	correct
3307	6186	2884	1	Sediminibacterium_sp_QYPL01000021.1	k141_400756	91.88		True
CONTIG	k141_400756	3538	correct
32442	33920	15	1493	Sediminibacterium_sp_QYPL01000021.1	k141_446898	92.71		True
CONTIG	k141_446898	3983	correct_unaligned
6088	8201	2146	57	Sediminibacterium_sp_QYPL01000021.1	k141_222414	92.53		True
CONTIG	k141_222414	2152	correct
15605	17842	1	2231	Sediminibacterium_sp_QYPL01000021.1	k141_192240	91.2		True
CONTIG	k141_192240	2916	correct
14462	14619	748	591	Sediminibacterium_sp_QYPL01000021.1	k141_419913	93.67		True
CONTIG	k141_419913	926	correct_unaligned
12785	15191	3198	778	Sediminibacterium_sp_QYPL01000021.1	k141_421272	91.49		True
CONTIG	k141_421272	3198	correct
31962	33203	1830	591	Sediminibacterium_sp_QYPL01000001.1	k141_301272	91.55		True
unknown
29270	29877	4560	3953	Sediminibacterium_sp_QYPL01000001.1	k141_301272	91.94		True
unknown
CONTIG	k141_301272	4785	mis_unaligned
40408	42132	1	1725	Sediminibacterium_sp_QYPL01000001.1	k141_31103	93.05		True
CONTIG	k141_31103	1853	correct
7353	7863	30	544	Sediminibacterium_sp_QYPL01000001.1	k141_286929	90.75		True
CONTIG	k141_286929	563	correct
37124	37645	1	522	Sediminibacterium_sp_QYPL01000001.1	k141_393581	93.12		True
CONTIG	k141_393581	535	correct
9209	9773	2	566	Sediminibacterium_sp_QYPL01000001.1	k141_198655	93.63		True
CONTIG	k141_198655	566	correct
37401	37994	4	597	Sediminibacterium_sp_QYPL01000001.1	k141_259406	92.76		True
CONTIG	k141_259406	1047	correct
13739	18159	4422	2	Sediminibacterium_sp_QYPL01000001.1	k141_98199	91.12		True
CONTIG	k141_98199	4428	correct
20732	22364	1	1633	Sediminibacterium_sp_QYPL01000001.1	k141_67119	91.8		True
CONTIG	k141_67119	1633	correct
42026	46356	19	4327	Sediminibacterium_sp_QYPL01000001.1	k141_277745	92.71		True
CONTIG	k141_277745	4415	correct
42659	43092	434	1	Sediminibacterium_sp_QYPL01000001.1	k141_307987	92.86		True
CONTIG	k141_307987	527	correct
22390	23989	1	1600	Sediminibacterium_sp_QYPL01000001.1	k141_443976	91.63		True
CONTIG	k141_443976	1633	correct
48863	49092	678	449	Sediminibacterium_sp_QYPL01000001.1	k141_324448	90.87		True
CONTIG	k141_324448	685	correct
46528	47324	798	1	Sediminibacterium_sp_QYPL01000001.1	k141_280032	91.4		True
CONTIG	k141_280032	798	correct
24021	26155	6	2140	Sediminibacterium_sp_QYPL01000001.1	k141_370416	90.32		True
CONTIG	k141_370416	2140	correct
27557	28101	285	829	Sediminibacterium_sp_QYPL01000001.1	k141_402482	90.11		True
CONTIG	k141_402482	901	correct
7887	8979	1176	84	Sediminibacterium_sp_QYPL01000001.1	k141_56497	92.04		True
CONTIG	k141_56497	1176	correct
18124	20738	2594	1	Sediminibacterium_sp_QYPL01000001.1	k141_208072	91.02		True
CONTIG	k141_208072	2594	correct
39714	40132	438	21	Sediminibacterium_sp_QYPL01000001.1	k141_14586	90.8		True
CONTIG	k141_14586	3455	correct_unaligned
40946	41115	553	384	Sediminibacterium_sp_QYPL01000001.1	k141_390588	91.76		True
CONTIG	k141_390588	752	correct
1181	1661	498	16	Sediminibacterium_sp_QYPL01000022.1	k141_436743	90.08		True
CONTIG	k141_436743	699	correct
17222	18328	1138	32	Sediminibacterium_sp_QYPL01000022.1	k141_288956	90.79		True
CONTIG	k141_288956	5953	correct_unaligned
310	1291	985	30	Sediminibacterium_sp_QYPL01000007.1	k141_233145	90.02		True
indel: indel (> 5bp)
1	309	1324	1019	Sediminibacterium_sp_QYPL01000007.1	k141_233145	95.79		True
fake: not a misassembly [fragmentation of reference genome]
1	3182	2175	5368	Sediminibacterium_sp_QYPL01000022.1	k141_233145	94.23		True
CONTIG	k141_233145	5368	correct
21684	21856	508	324	Sediminibacterium_sp_QYPL01000022.1	k141_339502	91.89		True
CONTIG	k141_339502	1980	correct_unaligned
5130	7171	2067	3	Sediminibacterium_sp_QYPL01000022.1	k141_370076	90.07		True
CONTIG	k141_370076	2102	correct
18405	25472	29	7099	Sediminibacterium_sp_QYPL01000022.1	k141_42666	91.95		True
indel: indel (> 5bp) [fragmentation of reference genome]
16395	16630	7335	7100	Sediminibacterium_sp_QYPL01000024.1	k141_42666	94.0		True
CONTIG	k141_42666	7351	correct
22441	22609	511	679	Sediminibacterium_sp_QYPL01000022.1	k141_43193	96.45		True
CONTIG	k141_43193	1010	correct_unaligned
50905	54908	3880	1	Sediminibacterium_sp_QYPL01000012.1	k141_316403	90.38		True
CONTIG	k141_316403	3883	correct
45805	46821	3	1014	Sediminibacterium_sp_QYPL01000012.1	k141_346492	91.54		True
unknown
50693	51512	4889	5709	Sediminibacterium_sp_QYPL01000012.1	k141_346492	90.99		True
unknown
CONTIG	k141_346492	5713	mis_unaligned
55903	56173	1	271	Sediminibacterium_sp_QYPL01000012.1	k141_362126	93.36		True
CONTIG	k141_362126	781	correct_unaligned
7484	7731	295	48	Sediminibacterium_sp_QYPL01000012.1	k141_91734	92.74		True
CONTIG	k141_91734	1136	correct_unaligned
29265	33622	1	4356	Sediminibacterium_sp_QYPL01000012.1	k141_227432	90.3		True
CONTIG	k141_227432	4368	correct
44521	45681	767	1927	Sediminibacterium_sp_QYPL01000012.1	k141_409546	91.3		True
CONTIG	k141_409546	1939	correct
11760	13972	1	2204	Sediminibacterium_sp_QYPL01000012.1	k141_168464	91.16		True
CONTIG	k141_168464	2205	correct
14116	14788	3	675	Sediminibacterium_sp_QYPL01000012.1	k141_424564	93.91		True
CONTIG	k141_424564	1083	correct
15469	17095	1627	1	Sediminibacterium_sp_QYPL01000012.1	k141_18860	90.6		True
CONTIG	k141_18860	1639	correct
21830	23886	2426	370	Sediminibacterium_sp_QYPL01000012.1	k141_64919	93.19		True
CONTIG	k141_64919	2426	correct
11370	11995	629	4	Sediminibacterium_sp_QYPL01000012.1	k141_351346	93.61		True
CONTIG	k141_351346	687	correct
26920	27961	1042	1	Sediminibacterium_sp_QYPL01000012.1	k141_441622	92.99		True
CONTIG	k141_441622	2445	correct_unaligned
27702	28781	1095	16	Sediminibacterium_sp_QYPL01000012.1	k141_21664	93.61		True
CONTIG	k141_21664	1123	correct
33636	42031	17	8454	Sediminibacterium_sp_QYPL01000012.1	k141_142526	91.22		True
CONTIG	k141_142526	8466	correct
43166	43711	88	633	Sediminibacterium_sp_QYPL01000012.1	k141_67792	94.32		True
CONTIG	k141_67792	637	correct
42415	42930	517	2	Sediminibacterium_sp_QYPL01000012.1	k141_263446	93.6		True
CONTIG	k141_263446	599	correct
17410	18044	639	5	Sediminibacterium_sp_QYPL01000012.1	k141_399336	91.34		True
CONTIG	k141_399336	717	correct
43503	44579	1	1077	Sediminibacterium_sp_QYPL01000012.1	k141_234295	93.62		True
CONTIG	k141_234295	1077	correct
28408	30687	12	2290	Sediminibacterium_sp_QYPL01000012.1	k141_429028	93.91		True
CONTIG	k141_429028	2290	correct
64102	64204	811	709	Sediminibacterium_sp_QYPL01000012.1	k141_324955	97.09		True
CONTIG	k141_324955	811	correct_unaligned
24142	24692	61	611	Sediminibacterium_sp_QYPL01000012.1	k141_430092	93.47		True
indel: indel (> 5bp)
24745	26077	612	1944	Sediminibacterium_sp_QYPL01000012.1	k141_430092	91.82		True
CONTIG	k141_430092	1949	correct
62127	68793	6618	1	Sediminibacterium_sp_QYPL01000012.1	k141_416823	90.2		True
CONTIG	k141_416823	7602	correct
1698	4907	3486	277	Sediminibacterium_sp_QYPL01000012.1	k141_419591	91.15		True
CONTIG	k141_419591	6585	correct_unaligned
54519	56263	1	1746	Sediminibacterium_sp_QYPL01000012.1	k141_284524	93.18		True
local misassembly
56264	56766	1844	2347	Sediminibacterium_sp_QYPL01000012.1	k141_284524	90.48		True
CONTIG	k141_284524	3392	correct
11050	11614	576	12	Sediminibacterium_sp_QYPL01000012.1	k141_134839	90.8		True
CONTIG	k141_134839	1730	correct_unaligned
7443	8388	946	1	Sediminibacterium_sp_QYPL01000015.1	k141_406652	94.71		True
CONTIG	k141_406652	1011	correct
61752	62185	582	149	Sediminibacterium_sp_QYPL01000015.1	k141_421687	90.32		True
CONTIG	k141_421687	589	correct
52930	53075	1	146	Sediminibacterium_sp_QYPL01000015.1	k141_256934	95.89		True
CONTIG	k141_256934	1257	correct_unaligned
7636	8077	439	1	Sediminibacterium_sp_QYPL01000015.1	k141_182320	94.12		True
CONTIG	k141_182320	1141	correct_unaligned
7974	8329	561	206	Sediminibacterium_sp_QYPL01000015.1	k141_122170	90.45		True
CONTIG	k141_122170	1023	correct
23625	30221	1	6561	Sediminibacterium_sp_QYPL01000028.1	k141_408706	91.87		True
translocation
54	862	6659	7467	Sediminibacterium_sp_QYPL01000015.1	k141_408706	93.72		True
CONTIG	k141_408706	7467	misassembled
47118	47761	646	1	Sediminibacterium_sp_QYPL01000015.1	k141_213253	93.51		True
CONTIG	k141_213253	646	correct
8352	10633	1	2288	Sediminibacterium_sp_QYPL01000015.1	k141_303431	93.58		True
CONTIG	k141_303431	4236	correct
5397	6029	638	6	Sediminibacterium_sp_QYPL01000015.1	k141_168162	91.64		True
CONTIG	k141_168162	661	correct
40052	47284	5	7247	Sediminibacterium_sp_QYPL01000015.1	k141_2822	91.18		True
CONTIG	k141_2822	7247	correct
47965	52422	383	4869	Sediminibacterium_sp_QYPL01000015.1	k141_123643	90.01		True
CONTIG	k141_123643	4869	correct
53803	54970	1172	5	Sediminibacterium_sp_QYPL01000015.1	k141_5142	91.7		True
CONTIG	k141_5142	1172	correct
27206	27745	1260	721	Sediminibacterium_sp_QYPL01000015.1	k141_366091	90.37		True
CONTIG	k141_366091	1260	correct_unaligned
24880	27395	2505	1	Sediminibacterium_sp_QYPL01000015.1	k141_321824	91.06		True
CONTIG	k141_321824	3254	correct
22264	24296	2075	67	Sediminibacterium_sp_QYPL01000015.1	k141_157284	91.18		True
CONTIG	k141_157284	2088	correct
52335	53845	1	1482	Sediminibacterium_sp_QYPL01000015.1	k141_97980	91.01		True
CONTIG	k141_97980	1493	correct
41652	41730	1	79	Sediminibacterium_sp_QYPL01000015.1	k141_338681	100.0		True
CONTIG	k141_338681	650	correct_unaligned
64560	65063	4	507	Sediminibacterium_sp_QYPL01000015.1	k141_248186	91.29		True
CONTIG	k141_248186	533	correct
759	3832	3058	1	Sediminibacterium_sp_QYPL01000015.1	k141_190347	92.59		True
CONTIG	k141_190347	3058	correct
62409	64574	1	2131	Sediminibacterium_sp_QYPL01000015.1	k141_342393	90.24		True
CONTIG	k141_342393	2350	correct
4303	5467	12	1179	Sediminibacterium_sp_QYPL01000015.1	k141_103361	93.24		True
CONTIG	k141_103361	1179	correct
6223	6884	665	7	Sediminibacterium_sp_QYPL01000015.1	k141_389280	90.94		True
CONTIG	k141_389280	673	correct
14188	19817	5668	39	Sediminibacterium_sp_QYPL01000015.1	k141_240629	90.75		True
CONTIG	k141_240629	5668	correct
20848	22229	1527	146	Sediminibacterium_sp_QYPL01000015.1	k141_330757	91.34		True
CONTIG	k141_330757	2538	correct
54888	56915	2029	4	Sediminibacterium_sp_QYPL01000015.1	k141_330945	90.14		True
CONTIG	k141_330945	2039	correct
10392	10707	316	1	Sediminibacterium_sp_QYPL01000002.1	k141_421601	93.38		True
CONTIG	k141_421601	1299	correct_unaligned
69402	70858	1425	2881	Sediminibacterium_sp_QYPL01000002.1	k141_75894	90.7		True
CONTIG	k141_75894	3742	correct_unaligned
106311	106843	4	536	Sediminibacterium_sp_QYPL01000002.1	k141_407642	92.31		True
CONTIG	k141_407642	767	correct
4726	5550	2717	1893	Sediminibacterium_sp_QYPL01000002.1	k141_303358	91.77		True
local misassembly
1	4372	7342	2964	Sediminibacterium_sp_QYPL01000002.1	k141_303358	91.47		True
indel: indel (> 5bp) [fragmentation of reference genome]
49379	50161	8171	7389	Sediminibacterium_sp_QYPL01000009.1	k141_303358	95.15		True
CONTIG	k141_303358	9568	correct
38546	38850	649	339	Sediminibacterium_sp_QYPL01000002.1	k141_409190	90.68		True
CONTIG	k141_409190	650	correct
111575	129746	46	18232	Sediminibacterium_sp_QYPL01000002.1	k141_153476	90.12		True
CONTIG	k141_153476	21323	correct
118606	118721	1206	1321	Sediminibacterium_sp_QYPL01000002.1	k141_168542	93.97		True
CONTIG	k141_168542	1365	correct_unaligned
43059	44537	11	1489	Sediminibacterium_sp_QYPL01000002.1	k141_364684	92.57		True
CONTIG	k141_364684	1636	correct
36758	37973	1	1216	Sediminibacterium_sp_QYPL01000002.1	k141_440754	90.96		True
CONTIG	k141_440754	1216	correct
12162	17235	5087	1	Sediminibacterium_sp_QYPL01000002.1	k141_396013	90.19		True
CONTIG	k141_396013	5088	correct
150577	154470	5	3896	Sediminibacterium_sp_QYPL01000002.1	k141_171671	90.22		True
CONTIG	k141_171671	4232	correct
36338	37131	950	154	Sediminibacterium_sp_QYPL01000002.1	k141_126979	91.09		True
CONTIG	k141_126979	968	correct
161408	161929	781	1303	Sediminibacterium_sp_QYPL01000002.1	k141_7198	91.59		True
CONTIG	k141_7198	8092	correct_unaligned
141341	142557	2359	1143	Sediminibacterium_sp_QYPL01000002.1	k141_428053	91.78		True
CONTIG	k141_428053	2369	correct
47775	50849	1912	4969	Sediminibacterium_sp_QYPL01000002.1	k141_202909	91.0		True
CONTIG	k141_202909	4970	correct
132702	134236	69	1602	Sediminibacterium_sp_QYPL01000002.1	k141_158212	90.23		True
CONTIG	k141_158212	1611	correct
22692	23017	509	184	Sediminibacterium_sp_QYPL01000002.1	k141_264106	90.24		True
CONTIG	k141_264106	2833	correct_unaligned
74799	77302	62	2571	Sediminibacterium_sp_QYPL01000002.1	k141_323950	90.1		True
CONTIG	k141_323950	2571	correct
10528	11183	1	655	Sediminibacterium_sp_QYPL01000002.1	k141_113421	91.46		True
CONTIG	k141_113421	655	correct
17114	17680	20	587	Sediminibacterium_sp_QYPL01000002.1	k141_159439	90.67		True
CONTIG	k141_159439	588	correct
142853	145019	2598	431	Sediminibacterium_sp_QYPL01000002.1	k141_251432	92.04		True
CONTIG	k141_251432	2706	correct
149583	150713	1131	1	Sediminibacterium_sp_QYPL01000002.1	k141_432041	90.72		True
CONTIG	k141_432041	3204	correct_unaligned
134054	137665	3645	1	Sediminibacterium_sp_QYPL01000002.1	k141_253160	91.65		True
CONTIG	k141_253160	3645	correct
102242	103585	1494	2837	Sediminibacterium_sp_QYPL01000002.1	k141_420341	90.92		True
CONTIG	k141_420341	6021	correct_unaligned
90970	91878	1038	130	Sediminibacterium_sp_QYPL01000002.1	k141_104678	90.43		True
unknown
85221	87136	6730	4815	Sediminibacterium_sp_QYPL01000002.1	k141_104678	91.39		True
unknown
CONTIG	k141_104678	6748	mis_unaligned
34892	36948	2072	13	Sediminibacterium_sp_QYPL01000002.1	k141_345345	90.35		True
CONTIG	k141_345345	2073	correct
157827	158123	269	565	Sediminibacterium_sp_QYPL01000002.1	k141_239722	92.59		True
CONTIG	k141_239722	565	correct
157834	160712	2896	20	Sediminibacterium_sp_QYPL01000002.1	k141_89301	90.78		True
CONTIG	k141_89301	2937	correct
137525	140483	1	2959	Sediminibacterium_sp_QYPL01000002.1	k141_89374	90.4		True
indel: indel (> 5bp)
140542	141664	2960	4083	Sediminibacterium_sp_QYPL01000002.1	k141_89374	92.26		True
CONTIG	k141_89374	4086	correct
76591	77272	1	682	Sediminibacterium_sp_QYPL01000006.1	k141_60672	93.4		True
CONTIG	k141_60672	682	correct
64858	67294	2508	64	Sediminibacterium_sp_QYPL01000006.1	k141_331539	92.05		True
CONTIG	k141_331539	2509	correct
77611	78270	1177	1836	Sediminibacterium_sp_QYPL01000006.1	k141_136957	95.45		True
CONTIG	k141_136957	2190	correct_unaligned
67495	73901	7263	884	Sediminibacterium_sp_QYPL01000006.1	k141_242429	92.57		True
CONTIG	k141_242429	7263	correct
20931	21324	429	37	Sediminibacterium_sp_QYPL01000006.1	k141_362567	90.61		True
CONTIG	k141_362567	2508	correct_unaligned
10907	11055	2026	2174	Sediminibacterium_sp_QYPL01000006.1	k141_31826	95.97		True
CONTIG	k141_31826	2189	correct_unaligned
64068	65273	564	1769	Sediminibacterium_sp_QYPL01000006.1	k141_363237	93.04		True
CONTIG	k141_363237	1769	correct
51630	54925	1	3284	Sediminibacterium_sp_QYPL01000006.1	k141_439525	90.69		True
CONTIG	k141_439525	3300	correct
59858	60025	27	194	Sediminibacterium_sp_QYPL01000006.1	k141_379376	91.67		True
CONTIG	k141_379376	738	correct_unaligned
56550	56687	138	1	Sediminibacterium_sp_QYPL01000006.1	k141_440674	94.2		True
CONTIG	k141_440674	1625	correct_unaligned
35989	37382	1	1401	Sediminibacterium_sp_QYPL01000006.1	k141_215634	90.58		True
CONTIG	k141_215634	3281	correct_unaligned
53326	53510	773	589	Sediminibacterium_sp_QYPL01000006.1	k141_381207	93.51		True
CONTIG	k141_381207	773	correct_unaligned
75861	77543	3579	1893	Sediminibacterium_sp_QYPL01000006.1	k141_232995	92.18		True
CONTIG	k141_232995	3579	correct_unaligned
22361	25203	3307	478	Sediminibacterium_sp_QYPL01000006.1	k141_157734	90.89		True
CONTIG	k141_157734	3640	correct
15921	16392	1	472	Sediminibacterium_sp_QYPL01000006.1	k141_172947	92.58		True
CONTIG	k141_172947	539	correct
12686	14872	42	2222	Sediminibacterium_sp_QYPL01000006.1	k141_204664	90.33		True
CONTIG	k141_204664	2357	correct
35774	35879	16	121	Sediminibacterium_sp_QYPL01000006.1	k141_85381	94.34		True
CONTIG	k141_85381	553	correct
28695	32406	5231	8945	Sediminibacterium_sp_QYPL01000006.1	k141_85609	91.6		True
CONTIG	k141_85609	9387	correct_unaligned
75076	75680	674	1278	Sediminibacterium_sp_QYPL01000006.1	k141_326476	94.55		True
indel: indel (> 5bp)
75681	76175	1327	1823	Sediminibacterium_sp_QYPL01000006.1	k141_326476	91.55		True
CONTIG	k141_326476	1823	correct
50378	50811	354	787	Sediminibacterium_sp_QYPL01000006.1	k141_297264	90.09		True
CONTIG	k141_297264	787	correct
10900	11013	146	33	Sediminibacterium_sp_QYPL01000006.1	k141_57163	93.86		True
unknown
10644	10853	357	147	Sediminibacterium_sp_QYPL01000006.1	k141_57163	90.52		True
unknown
CONTIG	k141_57163	2835	mis_unaligned
66690	67316	6	632	Sediminibacterium_sp_QYPL01000006.1	k141_297553	93.3		True
CONTIG	k141_297553	647	correct
35561	36129	569	1	Sediminibacterium_sp_QYPL01000006.1	k141_240031	94.38		True
CONTIG	k141_240031	3248	correct_unaligned
103229	103434	534	329	Sediminibacterium_sp_QYPL01000018.1	k141_90772	93.69		True
CONTIG	k141_90772	543	correct
97417	97776	249	608	Sediminibacterium_sp_QYPL01000018.1	k141_135965	92.52		True
CONTIG	k141_135965	608	correct
100925	101725	857	60	Sediminibacterium_sp_QYPL01000018.1	k141_211649	91.14		True
CONTIG	k141_211649	993	correct
63228	64669	4	1445	Sediminibacterium_sp_QYPL01000018.1	k141_62473	90.46		True
CONTIG	k141_62473	1696	correct
83126	83894	41	809	Sediminibacterium_sp_QYPL01000018.1	k141_92685	90.77		True
CONTIG	k141_92685	809	correct
85739	88295	77	2633	Sediminibacterium_sp_QYPL01000018.1	k141_93189	90.07		True
local misassembly
88323	89808	2836	4321	Sediminibacterium_sp_QYPL01000018.1	k141_93189	91.81		True
CONTIG	k141_93189	4326	correct
649	6275	1	5608	Sediminibacterium_sp_QYPL01000018.1	k141_378520	90.92		True
CONTIG	k141_378520	5608	correct
28853	30417	9	1574	Sediminibacterium_sp_QYPL01000018.1	k141_273989	90.12		True
CONTIG	k141_273989	1574	correct
13753	13918	656	491	Sediminibacterium_sp_QYPL01000018.1	k141_183829	96.39		True
CONTIG	k141_183829	664	correct
83430	84579	1	1150	Sediminibacterium_sp_QYPL01000018.1	k141_319225	90.78		True
indel: indel (> 5bp)
84580	85605	1172	2196	Sediminibacterium_sp_QYPL01000018.1	k141_319225	90.84		True
CONTIG	k141_319225	2196	correct
7350	9690	93	2423	Sediminibacterium_sp_QYPL01000018.1	k141_154447	91.14		True
CONTIG	k141_154447	2423	correct
36162	41162	5071	22	Sediminibacterium_sp_QYPL01000018.1	k141_424944	90.22		True
CONTIG	k141_424944	5074	correct
9276	13615	4340	1	Sediminibacterium_sp_QYPL01000018.1	k141_154573	91.71		True
CONTIG	k141_154573	4365	correct
5908	6278	1158	788	Sediminibacterium_sp_QYPL01000018.1	k141_365754	92.45		True
CONTIG	k141_365754	1159	correct_unaligned
64882	66513	1688	58	Sediminibacterium_sp_QYPL01000018.1	k141_172564	90.48		True
CONTIG	k141_172564	1693	correct
61049	61727	1221	543	Sediminibacterium_sp_QYPL01000018.1	k141_323118	90.13		True
CONTIG	k141_323118	1228	correct
26110	27653	2767	1223	Sediminibacterium_sp_QYPL01000018.1	k141_249113	92.23		True
CONTIG	k141_249113	2767	correct
96194	99542	1153	4501	Sediminibacterium_sp_QYPL01000018.1	k141_8805	92.34		True
CONTIG	k141_8805	4501	correct
103727	104359	633	1	Sediminibacterium_sp_QYPL01000018.1	k141_445926	91.94		True
CONTIG	k141_445926	647	correct
46595	46729	587	722	Sediminibacterium_sp_QYPL01000018.1	k141_69440	93.38		True
CONTIG	k141_69440	2096	correct_unaligned
104251	104360	110	1	Sediminibacterium_sp_QYPL01000018.1	k141_144465	96.36		True
CONTIG	k141_144465	2413	correct_unaligned
24255	24596	1	342	Sediminibacterium_sp_QYPL01000018.1	k141_416452	95.03		True
indel: indel (> 5bp)
24638	26174	343	1878	Sediminibacterium_sp_QYPL01000018.1	k141_416452	91.35		True
CONTIG	k141_416452	1888	correct
14518	18482	6	3968	Sediminibacterium_sp_QYPL01000018.1	k141_310824	92.27		True
CONTIG	k141_310824	9365	correct_unaligned
82460	83172	713	1	Sediminibacterium_sp_QYPL01000018.1	k141_280871	90.04		True
CONTIG	k141_280871	736	correct
99400	100331	1417	486	Sediminibacterium_sp_QYPL01000018.1	k141_344102	93.35		True
CONTIG	k141_344102	1417	correct
68395	72373	3970	1	Sediminibacterium_sp_QYPL01000018.1	k141_373278	90.3		True
CONTIG	k141_373278	6173	correct
198	614	150	566	Sediminibacterium_sp_QYPL01000018.1	k141_179098	94.24		True
CONTIG	k141_179098	572	correct
80117	82131	2030	16	Sediminibacterium_sp_QYPL01000018.1	k141_224601	90.4		True
relocation, inconsistency = 2199
74965	77847	4984	2101	Sediminibacterium_sp_QYPL01000018.1	k141_224601	90.83		True
local misassembly
71883	74206	7428	5112	Sediminibacterium_sp_QYPL01000018.1	k141_224601	93.0		True
CONTIG	k141_224601	7468	misassembled
47950	50250	2301	1	Sediminibacterium_sp_QYPL01000018.1	k141_284805	91.51		True
CONTIG	k141_284805	2301	correct
57354	63259	95	6000	Sediminibacterium_sp_QYPL01000018.1	k141_209623	90.6		True
CONTIG	k141_209623	6000	correct
15850	16867	6	1023	Sediminibacterium_sp_QYPL01000013.1	k141_226267	92.84		True
CONTIG	k141_226267	1023	correct
26797	27821	1025	1	Sediminibacterium_sp_QYPL01000013.1	k141_437355	95.22		True
CONTIG	k141_437355	1164	correct
25325	26629	1305	1	Sediminibacterium_sp_QYPL01000013.1	k141_377149	92.03		True
CONTIG	k141_377149	3151	correct_unaligned
2522	3744	133	1357	Sediminibacterium_sp_QYPL01000013.1	k141_137732	92.75		True
CONTIG	k141_137732	1357	correct
16601	18212	1612	1	Sediminibacterium_sp_QYPL01000013.1	k141_168047	93.67		True
CONTIG	k141_168047	1612	correct
3147	4042	898	1	Sediminibacterium_sp_QYPL01000013.1	k141_154214	93.88		True
CONTIG	k141_154214	901	correct
8256	9057	23	824	Sediminibacterium_sp_QYPL01000013.1	k141_48536	94.76		True
CONTIG	k141_48536	918	correct
33764	35598	1835	1	Sediminibacterium_sp_QYPL01000013.1	k141_63903	91.55		True
CONTIG	k141_63903	1835	correct
15262	15842	19	599	Sediminibacterium_sp_QYPL01000013.1	k141_319698	92.77		True
CONTIG	k141_319698	608	correct
30975	33981	1	2966	Sediminibacterium_sp_QYPL01000013.1	k141_244954	90.02		True
CONTIG	k141_244954	2966	correct
8256	8369	114	1	Sediminibacterium_sp_QYPL01000013.1	k141_5746	93.86		True
relocation, inconsistency = 3508
3949	4568	912	294	Sediminibacterium_sp_QYPL01000013.1	k141_5746	96.61		True
CONTIG	k141_5746	912	misassembled
36265	37780	91	1606	Sediminibacterium_sp_QYPL01000013.1	k141_187582	92.56		True
CONTIG	k141_187582	1684	correct
35267	36008	16	757	Sediminibacterium_sp_QYPL01000013.1	k141_99534	92.61		True
CONTIG	k141_99534	802	correct
40118	41878	482	2240	Sediminibacterium_sp_QYPL01000013.1	k141_159514	90.84		True
CONTIG	k141_159514	2243	correct
46325	46425	127	27	Sediminibacterium_sp_QYPL01000013.1	k141_384890	96.04		True
CONTIG	k141_384890	748	correct_unaligned
19422	21314	1	1892	Sediminibacterium_sp_QYPL01000013.1	k141_69630	90.97		True
indel: indel (> 5bp)
21389	22999	1893	3503	Sediminibacterium_sp_QYPL01000013.1	k141_69630	91.93		True
CONTIG	k141_69630	3503	correct
19422	20053	632	1	Sediminibacterium_sp_QYPL01000013.1	k141_69657	92.88		True
CONTIG	k141_69657	632	correct
27829	29175	11	1357	Sediminibacterium_sp_QYPL01000013.1	k141_206189	90.53		True
CONTIG	k141_206189	1357	correct
9091	15444	1368	7721	Sediminibacterium_sp_QYPL01000013.1	k141_115184	93.87		True
CONTIG	k141_115184	7721	correct
18083	18853	791	21	Sediminibacterium_sp_QYPL01000013.1	k141_26683	94.81		True
CONTIG	k141_26683	791	correct
3646	4257	1	612	Sediminibacterium_sp_QYPL01000013.1	k141_177732	91.67		True
CONTIG	k141_177732	612	correct
1	2295	2273	1	Sediminibacterium_sp_QYPL01000013.1	k141_432347	90.68		True
CONTIG	k141_432347	2612	correct
18863	19193	1	331	Sediminibacterium_sp_QYPL01000013.1	k141_133013	93.66		True
indel: indel (> 5bp)
19215	19562	332	672	Sediminibacterium_sp_QYPL01000013.1	k141_133013	91.09		True
CONTIG	k141_133013	672	correct
29044	29632	1735	1149	Sediminibacterium_sp_QYPL01000013.1	k141_404443	92.19		True
CONTIG	k141_404443	1744	correct_unaligned
9792	10951	1302	148	Sediminibacterium_sp_QYPL01000009.1	k141_166119	93.28		True
local misassembly
8187	9642	2921	1467	Sediminibacterium_sp_QYPL01000009.1	k141_166119	92.45		True
CONTIG	k141_166119	3314	correct
29206	29307	18	117	Sediminibacterium_sp_QYPL01000009.1	k141_105913	98.04		True
CONTIG	k141_105913	1614	correct_unaligned
27189	27762	1	574	Sediminibacterium_sp_QYPL01000009.1	k141_61701	93.4		True
CONTIG	k141_61701	589	correct
37534	37813	940	1219	Sediminibacterium_sp_QYPL01000009.1	k141_3120	92.86		True
CONTIG	k141_3120	2245	correct_unaligned
44470	44763	3595	3888	Sediminibacterium_sp_QYPL01000009.1	k141_334769	93.56		True
CONTIG	k141_334769	3888	correct_unaligned
30837	31846	2643	1634	Sediminibacterium_sp_QYPL01000009.1	k141_6209	92.09		True
CONTIG	k141_6209	2646	correct_unaligned
34063	34193	930	1061	Sediminibacterium_sp_QYPL01000009.1	k141_52507	93.94		True
CONTIG	k141_52507	1211	correct_unaligned
30433	30973	3938	4477	Sediminibacterium_sp_QYPL01000009.1	k141_414033	90.02		True
CONTIG	k141_414033	4478	correct_unaligned
16326	16935	985	376	Sediminibacterium_sp_QYPL01000009.1	k141_203261	90.33		True
unknown
15755	16325	1630	1059	Sediminibacterium_sp_QYPL01000009.1	k141_203261	91.08		True
unknown
14545	15713	4094	2926	Sediminibacterium_sp_QYPL01000009.1	k141_203261	94.95		True
unknown
CONTIG	k141_203261	5468	mis_unaligned
44519	45790	1516	245	Sediminibacterium_sp_QYPL01000009.1	k141_159913	91.52		True
CONTIG	k141_159913	1516	correct
34109	34193	84	168	Sediminibacterium_sp_QYPL01000009.1	k141_205960	97.65		True
CONTIG	k141_205960	905	correct_unaligned
37520	37804	259	543	Sediminibacterium_sp_QYPL01000009.1	k141_236859	95.09		True
relocation, inconsistency = -8366
29439	29567	544	672	Sediminibacterium_sp_QYPL01000009.1	k141_236859	90.58		True
CONTIG	k141_236859	672	misassembled
34109	34193	165	249	Sediminibacterium_sp_QYPL01000009.1	k141_86508	98.82		True
CONTIG	k141_86508	2380	correct_unaligned
26657	28427	1772	1	Sediminibacterium_sp_QYPL01000009.1	k141_207419	94.64		True
CONTIG	k141_207419	3166	correct
34109	34193	576	492	Sediminibacterium_sp_QYPL01000009.1	k141_433431	97.65		True
CONTIG	k141_433431	1629	correct_unaligned
22755	23681	927	1	Sediminibacterium_sp_QYPL01000028.1	k141_694	93.31		True
local misassembly
17699	21976	5233	960	Sediminibacterium_sp_QYPL01000028.1	k141_694	92.08		True
CONTIG	k141_694	5487	correct
29798	29905	388	495	Sediminibacterium_sp_QYPL01000028.1	k141_303010	98.15		True
CONTIG	k141_303010	559	correct
7848	10221	2374	1	Sediminibacterium_sp_QYPL01000028.1	k141_212934	91.67		True
CONTIG	k141_212934	2374	correct
18978	19310	212	544	Sediminibacterium_sp_QYPL01000028.1	k141_47642	90.09		True
CONTIG	k141_47642	801	correct
13866	13996	465	595	Sediminibacterium_sp_QYPL01000028.1	k141_219330	91.6		True
CONTIG	k141_219330	868	correct
6777	7973	9	1205	Sediminibacterium_sp_QYPL01000028.1	k141_234491	90.73		True
CONTIG	k141_234491	1221	correct
14219	14740	556	35	Sediminibacterium_sp_QYPL01000028.1	k141_190676	90.29		True
CONTIG	k141_190676	702	correct
1349	1655	316	7	Sediminibacterium_sp_QYPL01000028.1	k141_265654	90.32		True
CONTIG	k141_265654	4239	correct_unaligned
754	2047	1	1294	Sediminibacterium_sp_QYPL01000025.1	k141_60940	92.75		True
CONTIG	k141_60940	1294	correct
69	786	718	1	Sediminibacterium_sp_QYPL01000025.1	k141_40026	90.9		True
translocation
168	1185	719	1728	Sediminibacterium_sp_QYPL01000003.1	k141_40026	90.18		True
CONTIG	k141_40026	1762	misassembled
12633	13145	513	1	Sediminibacterium_sp_QYPL01000025.1	k141_430676	94.35		True
CONTIG	k141_430676	513	correct
1973	2586	5	618	Sediminibacterium_sp_QYPL01000025.1	k141_418522	90.89		True
CONTIG	k141_418522	621	correct
1907	3204	1301	4	Sediminibacterium_sp_QYPL01000025.1	k141_89561	90.01		True
CONTIG	k141_89561	1301	correct
6643	7944	1	1303	Sediminibacterium_sp_QYPL01000024.1	k141_391864	90.59		True
CONTIG	k141_391864	1321	correct
2844	3415	577	6	Sediminibacterium_sp_QYPL01000024.1	k141_197206	92.31		True
CONTIG	k141_197206	577	correct
6205	6690	487	1	Sediminibacterium_sp_QYPL01000024.1	k141_183990	93.63		True
CONTIG	k141_183990	2950	correct_unaligned
8012	8685	684	11	Sediminibacterium_sp_QYPL01000024.1	k141_366856	90.65		True
CONTIG	k141_366856	707	correct
792	3002	2230	1	Sediminibacterium_sp_QYPL01000024.1	k141_444058	92.67		True
CONTIG	k141_444058	2230	correct
14508	14674	21	187	Sediminibacterium_sp_QYPL01000024.1	k141_248019	91.62		True
CONTIG	k141_248019	563	correct
3405	4093	1	689	Sediminibacterium_sp_QYPL01000024.1	k141_309856	91.74		True
CONTIG	k141_309856	698	correct
1	1124	1665	2788	Sediminibacterium_sp_QYPL01000024.1	k141_433851	94.23		True
CONTIG	k141_433851	2788	correct_unaligned
14845	15639	123	917	Sediminibacterium_sp_QYPL01000024.1	k141_329671	95.97		True
CONTIG	k141_329671	947	correct
2897	8165	5278	13	Sediminibacterium_sp_QYPL01000027.1	k141_226622	90.27		True
CONTIG	k141_226622	5285	correct
7792	8477	5	690	Sediminibacterium_sp_QYPL01000027.1	k141_317192	90.67		True
CONTIG	k141_317192	725	correct
21745	22136	2939	2548	Sediminibacterium_sp_QYPL01000027.1	k141_408130	91.33		True
CONTIG	k141_408130	2966	correct_unaligned
6693	6907	215	1	Sediminibacterium_sp_QYPL01000027.1	k141_348029	94.42		True
CONTIG	k141_348029	686	correct
18801	21973	3147	1	Sediminibacterium_sp_QYPL01000027.1	k141_394888	94.37		True
CONTIG	k141_394888	3169	correct
17561	18729	91	1259	Sediminibacterium_sp_QYPL01000027.1	k141_352122	97.6		True
CONTIG	k141_352122	1259	correct
17179	17528	6	355	Sediminibacterium_sp_QYPL01000027.1	k141_7203	95.16		True
CONTIG	k141_7203	1216	correct_unaligned
16183	17210	1028	1	Sediminibacterium_sp_QYPL01000027.1	k141_82537	94.94		True
CONTIG	k141_82537	1037	correct
14372	16218	1846	1	Sediminibacterium_sp_QYPL01000027.1	k141_294985	93.72		True
relocation, inconsistency = 1128
10074	13033	4999	2057	Sediminibacterium_sp_QYPL01000027.1	k141_294985	90.37		True
CONTIG	k141_294985	5015	misassembled
24834	29801	181	5133	Sediminibacterium_sp_QYPL01000027.1	k141_265432	90.3		True
CONTIG	k141_265432	5133	correct
1046	1924	890	9	Sediminibacterium_sp_QYPL01000027.1	k141_71059	94.57		True
CONTIG	k141_71059	974	correct
17387	17472	1	86	Sediminibacterium_sp_QYPL01000027.1	k141_191709	96.51		True
CONTIG	k141_191709	840	correct_unaligned
9992	10184	162	354	Sediminibacterium_sp_QYPL01000027.1	k141_28498	91.71		True
CONTIG	k141_28498	745	correct
8341	8485	4	148	Sediminibacterium_sp_QYPL01000027.1	k141_58844	94.48		True
indel: indel (> 5bp)
8486	9769	191	1476	Sediminibacterium_sp_QYPL01000027.1	k141_58844	90.59		True
CONTIG	k141_58844	1644	correct
31788	33557	1781	12	Sediminibacterium_sp_QYPL01000020.1	k141_121202	92.09		True
local misassembly
24841	29223	8739	4363	Sediminibacterium_sp_QYPL01000020.1	k141_121202	92.01		True
CONTIG	k141_121202	8739	correct
6175	7036	227	1088	Sediminibacterium_sp_QYPL01000020.1	k141_121429	92.36		True
CONTIG	k141_121429	1268	correct
19769	20351	4	580	Sediminibacterium_sp_QYPL01000020.1	k141_392359	90.22		True
CONTIG	k141_392359	592	correct
52566	53459	913	7	Sediminibacterium_sp_QYPL01000020.1	k141_166611	90.68		True
CONTIG	k141_166611	913	correct
38156	39879	1962	238	Sediminibacterium_sp_QYPL01000020.1	k141_422593	90.56		True
CONTIG	k141_422593	2002	correct
1	1213	1272	60	Sediminibacterium_sp_QYPL01000020.1	k141_91850	95.8		True
CONTIG	k141_91850	5693	correct_unaligned
7815	8565	9	759	Sediminibacterium_sp_QYPL01000020.1	k141_438218	90.81		True
CONTIG	k141_438218	4651	correct_unaligned
36695	38273	69	1647	Sediminibacterium_sp_QYPL01000020.1	k141_64821	90.18		True
CONTIG	k141_64821	1649	correct
51451	52270	820	2	Sediminibacterium_sp_QYPL01000020.1	k141_276696	91.34		True
CONTIG	k141_276696	1037	correct
61761	64462	2684	52	Sediminibacterium_sp_QYPL01000020.1	k141_22329	91.51		True
CONTIG	k141_22329	2684	correct
23709	25000	732	2022	Sediminibacterium_sp_QYPL01000020.1	k141_218142	94.04		True
CONTIG	k141_218142	2022	correct
33415	34033	864	246	Sediminibacterium_sp_QYPL01000020.1	k141_398707	92.41		True
CONTIG	k141_398707	864	correct
59628	60479	852	1	Sediminibacterium_sp_QYPL01000020.1	k141_339077	92.72		True
indel: indel (> 5bp)
57350	59627	3199	927	Sediminibacterium_sp_QYPL01000020.1	k141_339077	91.31		True
indel: indel (> 5bp)
57138	57326	3393	3200	Sediminibacterium_sp_QYPL01000020.1	k141_339077	90.72		True
local misassembly
53413	56802	6831	3441	Sediminibacterium_sp_QYPL01000020.1	k141_339077	91.81		True
CONTIG	k141_339077	6831	correct
6798	7984	2	1187	Sediminibacterium_sp_QYPL01000020.1	k141_220467	92.08		True
CONTIG	k141_220467	1205	correct
35631	36822	96	1302	Sediminibacterium_sp_QYPL01000020.1	k141_446472	91.14		True
CONTIG	k141_446472	1302	correct
13570	16509	2937	1	Sediminibacterium_sp_QYPL01000020.1	k141_114766	90.95		True
CONTIG	k141_114766	2998	correct
5029	6194	1166	1	Sediminibacterium_sp_QYPL01000020.1	k141_447078	92.71		True
CONTIG	k141_447078	1371	correct
51884	52385	502	1	Sediminibacterium_sp_QYPL01000020.1	k141_296212	90.1		True
CONTIG	k141_296212	502	correct
46387	49039	1	2662	Sediminibacterium_sp_QYPL01000020.1	k141_296240	90.38		True
indel: indel (> 5bp)
49040	49331	2701	2993	Sediminibacterium_sp_QYPL01000020.1	k141_296240	92.83		True
CONTIG	k141_296240	2993	correct
1065	3264	2211	15	Sediminibacterium_sp_QYPL01000020.1	k141_26483	92.57		True
CONTIG	k141_26483	2211	correct
16372	19689	1	3318	Sediminibacterium_sp_QYPL01000020.1	k141_359119	90.54		True
CONTIG	k141_359119	3339	correct
19853	21201	6	1348	Sediminibacterium_sp_QYPL01000020.1	k141_328740	92.44		True
CONTIG	k141_328740	1381	correct
52131	52683	1	553	Sediminibacterium_sp_QYPL01000020.1	k141_103575	94.21		True
CONTIG	k141_103575	621	correct
60401	62083	1	1730	Sediminibacterium_sp_QYPL01000020.1	k141_28502	92.54		True
CONTIG	k141_28502	1730	correct
49310	50309	1	1000	Sediminibacterium_sp_QYPL01000020.1	k141_329340	91.63		True
CONTIG	k141_329340	1011	correct
64207	66764	1	2557	Sediminibacterium_sp_QYPL01000020.1	k141_195128	96.29		True
CONTIG	k141_195128	4962	correct
1445	2124	702	23	Sediminibacterium_sp_QYPL01000019.1	k141_106226	96.03		True
CONTIG	k141_106226	705	correct
8446	9236	917	127	Sediminibacterium_sp_QYPL01000019.1	k141_273842	90.05		True
CONTIG	k141_273842	926	correct
948	1698	751	1	Sediminibacterium_sp_QYPL01000019.1	k141_33117	95.21		True
CONTIG	k141_33117	751	correct
522	847	327	1	Sediminibacterium_sp_QYPL01000019.1	k141_379220	90.83		True
CONTIG	k141_379220	500	correct
2371	2578	1	208	Sediminibacterium_sp_QYPL01000019.1	k141_385978	97.6		True
indel: indel (> 5bp)
2690	3261	248	814	Sediminibacterium_sp_QYPL01000019.1	k141_385978	92.83		True
CONTIG	k141_385978	814	correct
83714	85073	3	1362	Sediminibacterium_sp_QYPL01000003.1	k141_221867	90.15		True
translocation
724	1108	1410	1794	Sediminibacterium_sp_QYPL01000019.1	k141_221867	90.65		True
CONTIG	k141_221867	1794	misassembled
2836	3866	1	1031	Sediminibacterium_sp_QYPL01000019.1	k141_431477	93.03		True
CONTIG	k141_431477	1787	correct
8240	8906	667	1	Sediminibacterium_sp_QYPL01000019.1	k141_56633	92.2		True
CONTIG	k141_56633	681	correct
30211	30518	312	2	Sediminibacterium_sp_QYPL01000008.1	k141_76332	90.03		True
CONTIG	k141_76332	685	correct
27827	28615	1	789	Sediminibacterium_sp_QYPL01000008.1	k141_167914	92.78		True
CONTIG	k141_167914	789	correct
13034	14895	143	2004	Sediminibacterium_sp_QYPL01000008.1	k141_348832	92.77		True
CONTIG	k141_348832	2550	correct
30513	31754	1	1241	Sediminibacterium_sp_QYPL01000008.1	k141_411982	90.18		True
local misassembly
31913	32082	1368	1537	Sediminibacterium_sp_QYPL01000008.1	k141_411982	90.59		True
CONTIG	k141_411982	1857	correct
1448	4096	2649	1	Sediminibacterium_sp_QYPL01000008.1	k141_338012	90.43		True
CONTIG	k141_338012	2656	correct
12520	13407	2	889	Sediminibacterium_sp_QYPL01000008.1	k141_217934	93.93		True
CONTIG	k141_217934	889	correct
26873	27459	604	18	Sediminibacterium_sp_QYPL01000008.1	k141_82640	91.99		True
CONTIG	k141_82640	645	correct
28387	29036	806	157	Sediminibacterium_sp_QYPL01000008.1	k141_278945	94.31		True
CONTIG	k141_278945	806	correct
9236	11019	122	1904	Sediminibacterium_sp_QYPL01000008.1	k141_113729	90.19		True
CONTIG	k141_113729	1904	correct
15133	17012	256	2135	Sediminibacterium_sp_QYPL01000008.1	k141_144954	94.36		True
local misassembly
17365	23755	2218	8584	Sediminibacterium_sp_QYPL01000008.1	k141_144954	91.24		True
CONTIG	k141_144954	8584	correct
28880	30104	1280	56	Sediminibacterium_sp_QYPL01000008.1	k141_86805	91.31		True
CONTIG	k141_86805	1291	correct
7445	8146	1	704	Sediminibacterium_sp_QYPL01000008.1	k141_42563	92.61		True
CONTIG	k141_42563	704	correct
6449	7798	108	1455	Sediminibacterium_sp_QYPL01000008.1	k141_42622	92.09		True
CONTIG	k141_42622	1456	correct
10894	12074	1181	1	Sediminibacterium_sp_QYPL01000008.1	k141_389314	91.02		True
CONTIG	k141_389314	1193	correct
48073	48655	1	582	Sediminibacterium_sp_QYPL01000003.1	k141_1285	98.28		True
CONTIG	k141_1285	582	correct
31959	34598	2606	3	Sediminibacterium_sp_QYPL01000003.1	k141_16404	90.84		True
CONTIG	k141_16404	2606	correct
29716	31753	2028	1	Sediminibacterium_sp_QYPL01000003.1	k141_167453	90.69		True
CONTIG	k141_167453	2028	correct
34300	35814	1660	146	Sediminibacterium_sp_QYPL01000003.1	k141_228086	92.9		True
CONTIG	k141_228086	1660	correct
47902	48214	312	1	Sediminibacterium_sp_QYPL01000003.1	k141_153393	97.12		True
local misassembly
45569	47789	3059	839	Sediminibacterium_sp_QYPL01000003.1	k141_153393	94.16		True
CONTIG	k141_153393	3059	correct
70686	72585	1869	6	Sediminibacterium_sp_QYPL01000003.1	k141_333754	92.53		True
CONTIG	k141_333754	1869	correct
49135	49714	786	207	Sediminibacterium_sp_QYPL01000003.1	k141_32896	90.0		True
CONTIG	k141_32896	787	correct
43442	44235	4	797	Sediminibacterium_sp_QYPL01000003.1	k141_394247	92.85		True
CONTIG	k141_394247	797	correct
57488	58179	1	692	Sediminibacterium_sp_QYPL01000003.1	k141_349658	90.92		True
CONTIG	k141_349658	699	correct
68897	70278	1404	2784	Sediminibacterium_sp_QYPL01000003.1	k141_424737	91.13		True
CONTIG	k141_424737	2784	correct_unaligned
62748	64185	1642	203	Sediminibacterium_sp_QYPL01000003.1	k141_19166	90.97		True
CONTIG	k141_19166	1651	correct
64351	65820	1471	1	Sediminibacterium_sp_QYPL01000003.1	k141_96523	91.87		True
CONTIG	k141_96523	1471	correct
1197	1751	6	560	Sediminibacterium_sp_QYPL01000003.1	k141_97932	90.45		True
CONTIG	k141_97932	564	correct
80181	82105	1936	11	Sediminibacterium_sp_QYPL01000003.1	k141_292282	93.37		True
CONTIG	k141_292282	1980	correct
57665	58179	1	515	Sediminibacterium_sp_QYPL01000003.1	k141_398883	93.01		True
CONTIG	k141_398883	522	correct
3217	8621	5427	41	Sediminibacterium_sp_QYPL01000003.1	k141_354953	90.27		True
CONTIG	k141_354953	5557	correct
37155	39747	2600	1	Sediminibacterium_sp_QYPL01000003.1	k141_204158	93.96		True
CONTIG	k141_204158	4014	correct
44165	44361	1839	1643	Sediminibacterium_sp_QYPL01000003.1	k141_309522	94.92		True
CONTIG	k141_309522	1845	correct_unaligned
25947	26146	483	284	Sediminibacterium_sp_QYPL01000003.1	k141_445600	93.5		True
CONTIG	k141_445600	504	correct
79491	79942	603	1054	Sediminibacterium_sp_QYPL01000003.1	k141_400369	92.7		True
CONTIG	k141_400369	1054	correct_unaligned
78837	79397	1	561	Sediminibacterium_sp_QYPL01000003.1	k141_400392	92.51		True
CONTIG	k141_400392	672	correct
39297	40484	1	1187	Sediminibacterium_sp_QYPL01000003.1	k141_340757	96.46		True
local misassembly
40528	43563	1378	4416	Sediminibacterium_sp_QYPL01000003.1	k141_340757	94.41		True
CONTIG	k141_340757	4416	correct
62172	62539	726	359	Sediminibacterium_sp_QYPL01000003.1	k141_160160	90.49		True
CONTIG	k141_160160	726	correct
48995	49625	635	5	Sediminibacterium_sp_QYPL01000003.1	k141_310692	90.17		True
CONTIG	k141_310692	635	correct
72321	73756	1445	10	Sediminibacterium_sp_QYPL01000003.1	k141_311331	92.71		True
CONTIG	k141_311331	1549	correct
267	662	2	397	Sediminibacterium_sp_QYPL01000003.1	k141_401565	93.69		True
CONTIG	k141_401565	529	correct
56764	57867	1109	6	Sediminibacterium_sp_QYPL01000003.1	k141_401985	92.03		True
CONTIG	k141_401985	1652	correct
70197	70951	1	755	Sediminibacterium_sp_QYPL01000003.1	k141_236889	92.21		True
CONTIG	k141_236889	755	correct
44860	45395	7	542	Sediminibacterium_sp_QYPL01000003.1	k141_402102	91.25		True
CONTIG	k141_402102	542	correct
18376	22695	4321	2	Sediminibacterium_sp_QYPL01000003.1	k141_402110	92.36		True
indel: indel (> 5bp)
17717	18341	4946	4322	Sediminibacterium_sp_QYPL01000003.1	k141_402110	90.08		True
local misassembly
10781	13473	11802	9117	Sediminibacterium_sp_QYPL01000003.1	k141_402110	91.46		True
CONTIG	k141_402110	11802	correct
48594	51851	1	3257	Sediminibacterium_sp_QYPL01000003.1	k141_418556	94.43		True
CONTIG	k141_418556	6139	correct
74296	75530	1	1216	Sediminibacterium_sp_QYPL01000003.1	k141_72057	92.23		True
CONTIG	k141_72057	1216	correct
3212	3445	235	3	Sediminibacterium_sp_QYPL01000003.1	k141_147215	94.87		True
indel: indel (> 5bp)
1239	3211	2258	286	Sediminibacterium_sp_QYPL01000003.1	k141_147215	90.42		True
CONTIG	k141_147215	2258	correct
75607	78977	3294	1	Sediminibacterium_sp_QYPL01000003.1	k141_297391	90.75		True
CONTIG	k141_297391	3294	correct
75317	75880	1	564	Sediminibacterium_sp_QYPL01000003.1	k141_404330	92.55		True
CONTIG	k141_404330	566	correct
45031	45575	2	546	Sediminibacterium_sp_QYPL01000003.1	k141_359428	94.13		True
CONTIG	k141_359428	546	correct
33443	33568	440	565	Sediminibacterium_sp_QYPL01000003.1	k141_117646	96.03		True
CONTIG	k141_117646	2242	correct_unaligned
73575	74296	5	726	Sediminibacterium_sp_QYPL01000003.1	k141_433711	94.32		True
CONTIG	k141_433711	726	correct
22463	22741	4808	4529	Sediminibacterium_sp_QYPL01000003.1	k141_73909	92.5		True
CONTIG	k141_73909	4810	correct_unaligned
8646	11367	2726	2	Sediminibacterium_sp_QYPL01000003.1	k141_270763	90.34		True
CONTIG	k141_270763	2777	correct
65790	66797	1880	873	Sediminibacterium_sp_QYPL01000003.1	k141_300385	91.69		True
CONTIG	k141_300385	1880	correct
12535	13096	561	1	Sediminibacterium_sp_QYPL01000030.1	k141_332897	91.46		True
local misassembly
5096	12480	8090	696	Sediminibacterium_sp_QYPL01000030.1	k141_332897	90.25		True
CONTIG	k141_332897	8090	correct
18184	18265	291	211	Sediminibacterium_sp_QYPL01000030.1	k141_185115	98.78		True
CONTIG	k141_185115	906	correct_unaligned
8410	9965	1668	110	Sediminibacterium_sp_QYPL01000026.1	k141_306511	90.58		True
local misassembly
8090	8379	2803	2513	Sediminibacterium_sp_QYPL01000026.1	k141_306511	90.38		True
relocation, inconsistency = 2292
2282	3750	6318	4851	Sediminibacterium_sp_QYPL01000026.1	k141_306511	90.17		True
translocation
17731	18270	6895	6355	Sediminibacterium_sp_QYPL01000030.1	k141_306511	95.19		True
CONTIG	k141_306511	6895	misassembled
12751	13975	1351	127	Sediminibacterium_sp_QYPL01000030.1	k141_445842	91.86		True
CONTIG	k141_445842	1351	correct
14027	18013	935	4921	Sediminibacterium_sp_QYPL01000030.1	k141_147274	95.18		True
CONTIG	k141_147274	4921	correct
7903	8083	472	292	Sediminibacterium_sp_QYPL01000030.1	k141_330158	90.06		True
CONTIG	k141_330158	504	correct
15267	17022	1795	40	Sediminibacterium_sp_QYPL01000026.1	k141_228663	90.32		True
CONTIG	k141_228663	3232	correct
12977	13499	8	530	Sediminibacterium_sp_QYPL01000026.1	k141_2973	91.4		True
CONTIG	k141_2973	530	correct
12067	13127	56	1109	Sediminibacterium_sp_QYPL01000026.1	k141_367288	90.05		True
CONTIG	k141_367288	1111	correct
11429	11990	1	562	Sediminibacterium_sp_QYPL01000026.1	k141_280658	90.39		True
CONTIG	k141_280658	562	correct
14764	15262	7	505	Sediminibacterium_sp_QYPL01000026.1	k141_283337	91.78		True
CONTIG	k141_283337	506	correct
13177	13926	1	750	Sediminibacterium_sp_QYPL01000026.1	k141_43845	90.28		True
CONTIG	k141_43845	751	correct
10604	11101	498	1	Sediminibacterium_sp_QYPL01000007.1	k141_153780	94.18		True
CONTIG	k141_153780	596	correct
14080	14154	198	124	Sediminibacterium_sp_QYPL01000007.1	k141_320664	100.0		True
CONTIG	k141_320664	507	correct
14084	14154	3584	3654	Sediminibacterium_sp_QYPL01000007.1	k141_245797	98.59		True
CONTIG	k141_245797	6194	correct_unaligned
504	776	1450	1178	Sediminibacterium_sp_QYPL01000007.1	k141_170841	96.34		True
CONTIG	k141_170841	1462	correct_unaligned
8544	10411	1	1848	Sediminibacterium_sp_QYPL01000007.1	k141_246878	91.18		True
CONTIG	k141_246878	2058	correct
13587	14154	664	98	Sediminibacterium_sp_QYPL01000007.1	k141_37498	96.83		True
CONTIG	k141_37498	664	correct
10863	12010	1363	216	Sediminibacterium_sp_QYPL01000007.1	k141_28104	93.82		True
CONTIG	k141_28104	1373	correct
4481	4912	449	11	Sediminibacterium_sp_QYPL01000007.1	k141_87743	90.43		True
indel: indel (> 5bp)
1737	4444	3157	450	Sediminibacterium_sp_QYPL01000007.1	k141_87743	91.47		True
CONTIG	k141_87743	3182	correct
7210	7282	80	8	Sediminibacterium_sp_QYPL01000007.1	k141_193027	98.63		True
CONTIG	k141_193027	640	correct_unaligned
12257	13645	1360	1	Sediminibacterium_sp_QYPL01000007.1	k141_254586	91.29		True
CONTIG	k141_254586	1364	correct
6772	8523	182	1926	Sediminibacterium_sp_QYPL01000007.1	k141_194796	92.08		True
CONTIG	k141_194796	1926	correct
